SET
@entry = 184320;

DELETE FROM `npc_vendor` WHERE `entry` = @entry;
INSERT INTO `npc_vendor` (`entry`, `slot`, `item`, `maxcount`, `ExtendedCost`, `VerifiedBuild`) VALUES -- These should all be blizzlike
-- (@entry, 1, 191550, 0, 0, 45437),
-- (@entry, 2, 191612, 0, 0, 45437),
-- (@entry, 3, 191609, 0, 0, 45437),
-- (@entry, 4, 191608, 0, 0, 45437),
-- (@entry, 5, 191610, 0, 0, 45437),
-- (@entry, 6, 191614, 0, 0, 45437),
-- (@entry, 7, 191605, 0, 0, 45437),
-- (@entry, 8, 191664, 0, 0, 45437),
-- (@entry, 9, 191607, 0, 0, 45437),
-- (@entry, 10, 191606, 0, 0, 45437),
-- (@entry, 11, 191611, 0, 0, 45437),
-- (@entry, 12, 191666, 0, 0, 45437),
-- (@entry, 13, 191613, 0, 0, 45437),
-- (@entry, 14, 191656, 0, 0, 45437),
-- (@entry, 15, 191249, 0, 0, 45437),
-- (@entry, 16, 191204, 0, 0, 45437),
-- (@entry, 17, 191268, 0, 0, 45437),
(@entry, 18, 189420, 0, 0, 45437),
(@entry, 19, 189421, 0, 0, 45437),
(@entry, 20, 189426, 0, 0, 45437),
(@entry, 21, 189427, 0, 0, 45437),
(@entry, 22, 13456, 0, 0, 45437),
(@entry, 23, 3386, 0, 0, 45437),
(@entry, 24, 12457, 0, 0, 45437),
(@entry, 25, 6050, 0, 0, 45437),
(@entry, 26, 22682, 0, 0, 45437),
(@entry, 27, 22636, 0, 0, 45437),
(@entry, 28, 21321, 0, 2, 45437),
(@entry, 29, 15138, 0, 0, 45437),
(@entry, 30, 7676, 0, 0, 45437),
(@entry, 31, 16207, 0, 0, 45437),
(@entry, 32, 11145, 0, 0, 45437),
(@entry, 33, 11130, 0, 0, 45437),
(@entry, 34, 6339, 0, 0, 45437),
(@entry, 35, 6218, 0, 0, 45437),
(@entry, 36, 18260, 0, 0, 45437),
(@entry, 37, 16249, 0, 0, 45437),
(@entry, 38, 16252, 0, 0, 45437),
(@entry, 39, 18259, 0, 0, 45437),
(@entry, 40, 13467, 0, 0, 45437),
(@entry, 41, 18512, 0, 0, 45437),
(@entry, 42, 13468, 0, 0, 45437),
(@entry, 43, 12809, 0, 0, 45437),
(@entry, 44, 11754, 0, 0, 45437),
(@entry, 45, 7909, 0, 0, 45437),
(@entry, 46, 20725, 0, 0, 45437),
(@entry, 47, 11176, 0, 0, 45437),
(@entry, 48, 11137, 0, 0, 45437),
(@entry, 49, 11083, 0, 0, 45437),
(@entry, 50, 10940, 0, 0, 45437),
(@entry, 51, 16204, 0, 0, 45437),
(@entry, 52, 11082, 0, 0, 45437),
(@entry, 53, 10939, 0, 0, 45437),
(@entry, 54, 11135, 0, 0, 45437),
(@entry, 55, 11175, 0, 0, 45437),
(@entry, 56, 16203, 0, 0, 45437),
(@entry, 57, 11084, 0, 0, 45437),
(@entry, 58, 11139, 0, 0, 45437),
(@entry, 59, 11178, 0, 0, 45437),
(@entry, 60, 14343, 0, 0, 45437),
(@entry, 61, 10978, 0, 0, 45437),
(@entry, 62, 11138, 0, 0, 45437),
(@entry, 63, 11177, 0, 0, 45437),
(@entry, 64, 14344, 0, 0, 45437),
(@entry, 65, 12811, 0, 0, 45437),
(@entry, 66, 13926, 0, 0, 45437),
(@entry, 67, 7076, 0, 0, 45437),
(@entry, 68, 7082, 0, 0, 45437),
(@entry, 69, 7078, 0, 0, 45437),
(@entry, 70, 12808, 0, 0, 45437),
(@entry, 71, 7080, 0, 0, 45437),
(@entry, 72, 12803, 0, 0, 45437),
(@entry, 73, 21329, 0, 0, 45437),
(@entry, 74, 21330, 0, 0, 45437),
(@entry, 75, 21331, 0, 0, 45437),
(@entry, 76, 21332, 0, 0, 45437),
(@entry, 77, 21333, 0, 0, 45437),
(@entry, 78, 21334, 0, 0, 45437),
(@entry, 79, 21335, 0, 0, 45437),
(@entry, 80, 21336, 0, 0, 45437),
(@entry, 81, 21337, 0, 0, 45437),
(@entry, 82, 21338, 0, 0, 45437),
(@entry, 83, 21343, 0, 0, 45437),
(@entry, 84, 21344, 0, 0, 45437),
(@entry, 85, 21345, 0, 0, 45437),
(@entry, 86, 21346, 0, 0, 45437),
(@entry, 87, 21347, 0, 0, 45437),
(@entry, 88, 21348, 0, 0, 45437),
(@entry, 89, 21349, 0, 0, 45437),
(@entry, 90, 21350, 0, 0, 45437),
(@entry, 91, 21351, 0, 0, 45437),
(@entry, 92, 21352, 0, 0, 45437),
(@entry, 93, 21353, 0, 0, 45437),
(@entry, 94, 21354, 0, 0, 45437),
(@entry, 95, 21355, 0, 0, 45437),
(@entry, 96, 21356, 0, 0, 45437),
(@entry, 97, 21357, 0, 0, 45437),
(@entry, 98, 21359, 0, 0, 45437),
(@entry, 99, 21360, 0, 0, 45437),
(@entry, 100, 21361, 0, 0, 45437),
(@entry, 101, 21362, 0, 0, 45437),
(@entry, 102, 21364, 0, 0, 45437),
(@entry, 103, 21365, 0, 0, 45437),
(@entry, 104, 21366, 0, 0, 45437),
(@entry, 105, 21367, 0, 0, 45437),
(@entry, 106, 21368, 0, 0, 45437),
(@entry, 107, 21370, 0, 0, 45437),
(@entry, 108, 21372, 0, 0, 45437),
(@entry, 109, 21373, 0, 0, 45437),
(@entry, 110, 21374, 0, 0, 45437),
(@entry, 111, 21375, 0, 0, 45437),
(@entry, 112, 21376, 0, 0, 45437),
(@entry, 113, 21387, 0, 0, 45437),
(@entry, 114, 21388, 0, 0, 45437),
(@entry, 115, 21389, 0, 0, 45437),
(@entry, 116, 21390, 0, 0, 45437),
(@entry, 117, 21391, 0, 0, 45437),
(@entry, 118, 22707, 0, 0, 45437),
(@entry, 119, 21685, 0, 0, 45437),
(@entry, 120, 18813, 0, 0, 45437),
(@entry, 121, 12344, 0, 0, 45437),
(@entry, 122, 18678, 0, 0, 45437),
(@entry, 123, 15857, 0, 0, 45437),
(@entry, 124, 23032, 0, 0, 45437),
(@entry, 125, 22968, 0, 0, 45437),
(@entry, 126, 22658, 0, 0, 45437),
(@entry, 127, 22654, 0, 0, 45437),
(@entry, 128, 22700, 0, 0, 45437),
(@entry, 129, 22652, 0, 0, 45437),
(@entry, 130, 22655, 0, 0, 45437),
(@entry, 131, 13986, 0, 0, 45437),
(@entry, 132, 12609, 0, 0, 45437),
(@entry, 133, 14104, 0, 0, 45437),
(@entry, 134, 4327, 0, 0, 45437),
(@entry, 135, 23020, 0, 0, 45437),
(@entry, 136, 22941, 0, 0, 45437),
(@entry, 137, 22663, 0, 0, 45437),
(@entry, 138, 22662, 0, 0, 45437),
(@entry, 139, 22701, 0, 0, 45437),
(@entry, 140, 22661, 0, 0, 45437),
(@entry, 141, 14502, 0, 0, 45437),
(@entry, 142, 13537, 0, 0, 45437),
(@entry, 143, 15071, 0, 0, 45437),
(@entry, 144, 23033, 0, 0, 45437),
(@entry, 145, 22967, 0, 0, 45437),
(@entry, 146, 22665, 0, 0, 45437),
(@entry, 147, 22664, 0, 0, 45437),
(@entry, 148, 22666, 0, 0, 45437),
(@entry, 149, 22702, 0, 0, 45437),
(@entry, 150, 12420, 0, 0, 45437),
(@entry, 151, 12417, 0, 0, 45437),
(@entry, 152, 12419, 0, 0, 45437),
(@entry, 153, 18634, 0, 0, 45437),
(@entry, 154, 12416, 0, 0, 45437),
(@entry, 155, 8367, 0, 0, 45437),
(@entry, 156, 23019, 0, 0, 45437),
(@entry, 157, 22940, 0, 0, 45437),
(@entry, 158, 22671, 0, 0, 45437),
(@entry, 159, 22669, 0, 0, 45437),
(@entry, 160, 22670, 0, 0, 45437),
(@entry, 161, 22699, 0, 0, 45437),
(@entry, 162, 12414, 0, 0, 45437),
(@entry, 163, 13394, 0, 0, 45437),
(@entry, 164, 14002, 0, 0, 45437),
(@entry, 165, 11932, 0, 0, 45437),
(@entry, 166, 9452, 0, 0, 45437),
(@entry, 167, 13534, 0, 0, 45437),
(@entry, 168, 19157, 0, 0, 45437),
(@entry, 169, 19162, 0, 0, 45437),
(@entry, 170, 10646, 0, 0, 45437),
(@entry, 171, 16005, 0, 0, 45437),
(@entry, 172, 20039, 0, 0, 45437),
(@entry, 173, 17014, 0, 0, 45437),
(@entry, 174, 19164, 0, 0, 45437),
(@entry, 175, 19148, 0, 0, 45437),
(@entry, 176, 17013, 0, 0, 45437),
(@entry, 177, 11606, 0, 0, 45437),
(@entry, 178, 11604, 0, 0, 45437),
(@entry, 179, 11605, 0, 0, 45437),
(@entry, 180, 19165, 0, 0, 45437),
(@entry, 181, 19156, 0, 0, 45437),
(@entry, 182, 18263, 0, 0, 45437),
(@entry, 183, 16979, 0, 0, 45437),
(@entry, 184, 16980, 0, 0, 45437),
(@entry, 185, 19149, 0, 0, 45437),
(@entry, 186, 19163, 0, 0, 45437),
(@entry, 187, 16983, 0, 0, 45437),
(@entry, 188, 16982, 0, 0, 45437),
(@entry, 189, 16984, 0, 0, 45437),
(@entry, 190, 15050, 0, 0, 45437),
(@entry, 191, 15052, 0, 0, 45437),
(@entry, 192, 15051, 0, 0, 45437),
(@entry, 193, 11644, 0, 0, 45437),
(@entry, 194, 11642, 0, 0, 45437),
(@entry, 195, 11622, 0, 0, 45437),
(@entry, 196, 11643, 0, 0, 45437),
(@entry, 197, 11646, 0, 0, 45437),
(@entry, 198, 11649, 0, 0, 45437),
(@entry, 199, 11647, 0, 0, 45437),
(@entry, 200, 11648, 0, 0, 45437),
(@entry, 201, 11645, 0, 0, 45437),
(@entry, 202, 9449, 0, 0, 45437),
(@entry, 203, 22635, 0, 0, 45437),
(@entry, 204, 17734, 0, 0, 45437),
(@entry, 205, 22759, 0, 0, 45437),
(@entry, 206, 17767, 0, 0, 45437),
(@entry, 207, 22757, 0, 0, 45437),
(@entry, 208, 20645, 0, 0, 45437),
(@entry, 209, 17749, 0, 0, 45437),
(@entry, 210, 22758, 0, 0, 45437),
(@entry, 211, 22756, 0, 0, 45437),
(@entry, 212, 22762, 0, 0, 45437),
(@entry, 213, 15075, 0, 0, 45437),
(@entry, 214, 20478, 0, 0, 45437),
(@entry, 215, 22761, 0, 0, 45437),
(@entry, 216, 20705, 0, 0, 45437),
(@entry, 217, 20702, 0, 0, 45437),
(@entry, 218, 20699, 0, 0, 45437),
(@entry, 219, 20700, 0, 0, 45437),
(@entry, 220, 20707, 0, 0, 45437),
(@entry, 221, 20701, 0, 0, 45437),
(@entry, 222, 20703, 0, 0, 45437),
(@entry, 223, 12611, 0, 0, 45437),
(@entry, 224, 13530, 0, 0, 45437),
(@entry, 225, 22760, 0, 0, 45437),
(@entry, 226, 17746, 0, 0, 45437),
(@entry, 227, 20476, 0, 0, 45437),
(@entry, 228, 20477, 0, 0, 45437),
(@entry, 229, 22763, 0, 0, 45437),
(@entry, 230, 18344, 0, 0, 45437),
(@entry, 231, 20600, 0, 0, 45437),
(@entry, 232, 17744, 0, 0, 45437),
(@entry, 233, 13529, 0, 0, 45437),
(@entry, 234, 22660, 0, 0, 45437),
(@entry, 235, 20749, 0, 0, 45437),
(@entry, 236, 20748, 0, 0, 45437),
(@entry, 237, 19783, 0, 0, 45437),
(@entry, 238, 19788, 0, 0, 45437),
(@entry, 239, 19782, 0, 0, 45437),
(@entry, 240, 19785, 0, 0, 45437),
(@entry, 241, 19789, 0, 0, 45437),
(@entry, 242, 19786, 0, 0, 45437),
(@entry, 243, 19790, 0, 0, 45437),
(@entry, 244, 19787, 0, 0, 45437),
(@entry, 245, 19784, 0, 0, 45437),
(@entry, 246, 22638, 0, 0, 45437),
(@entry, 247, 18340, 0, 0, 45437),
(@entry, 248, 20539, 0, 0, 45437),
(@entry, 249, 20538, 0, 0, 45437),
(@entry, 250, 20537, 0, 0, 45437),
(@entry, 251, 17061, 0, 0, 45437),
(@entry, 252, 19884, 0, 0, 45437),
(@entry, 253, 12605, 0, 0, 45437),
(@entry, 254, 19099, 0, 0, 45437),
(@entry, 255, 10761, 0, 0, 45437),
(@entry, 256, 810, 0, 0, 45437),
(@entry, 257, 3829, 0, 0, 45437),
(@entry, 258, 2633, 0, 0, 45437),
(@entry, 259, 9030, 0, 0, 45437),
(@entry, 260, 16223, 0, 0, 45437),
(@entry, 261, 9489, 0, 0, 45437),
(@entry, 262, 18168, 0, 0, 45437),
(@entry, 263, 17073, 0, 0, 45437),
(@entry, 264, 21712, 0, 0, 45437),
(@entry, 265, 21650, 0, 0, 45437),
(@entry, 266, 21695, 0, 0, 45437),
(@entry, 267, 21670, 0, 0, 45437),
(@entry, 268, 21586, 0, 0, 45437),
(@entry, 269, 21606, 0, 0, 45437),
(@entry, 270, 21273, 0, 0, 45437),
(@entry, 271, 21275, 0, 0, 45437),
(@entry, 272, 21269, 0, 0, 45437),
(@entry, 273, 21272, 0, 0, 45437),
(@entry, 274, 21276, 0, 0, 45437),
(@entry, 275, 21244, 0, 0, 45437),
(@entry, 276, 21242, 0, 0, 45437),
(@entry, 277, 21268, 0, 0, 45437),
(@entry, 278, 21600, 0, 0, 45437),
(@entry, 279, 21604, 0, 0, 45437),
(@entry, 280, 21584, 0, 0, 45437),
(@entry, 281, 21594, 0, 0, 45437),
(@entry, 282, 21611, 0, 0, 45437),
(@entry, 283, 21583, 0, 0, 45437),
(@entry, 284, 21710, 0, 0, 45437),
(@entry, 285, 21669, 0, 0, 45437),
(@entry, 286, 21134, 0, 0, 45437),
(@entry, 287, 21585, 0, 0, 45437),
(@entry, 288, 21126, 0, 0, 45437),
(@entry, 289, 21615, 0, 0, 45437),
(@entry, 290, 21581, 0, 0, 45437),
(@entry, 291, 21624, 0, 0, 45437),
(@entry, 292, 21674, 0, 0, 45437),
(@entry, 293, 21623, 0, 0, 45437),
(@entry, 294, 21672, 0, 0, 45437),
(@entry, 295, 21605, 0, 0, 45437),
(@entry, 296, 21888, 0, 0, 45437),
(@entry, 297, 21619, 0, 0, 45437),
(@entry, 298, 21607, 0, 0, 45437),
(@entry, 299, 21582, 0, 0, 45437),
(@entry, 300, 21693, 0, 0, 45437),
(@entry, 301, 21618, 0, 0, 45437),
(@entry, 302, 21645, 0, 0, 45437),
(@entry, 303, 21616, 0, 0, 45437),
(@entry, 304, 23570, 0, 0, 45437),
(@entry, 305, 23557, 0, 0, 45437),
(@entry, 306, 21667, 0, 0, 45437),
(@entry, 307, 21665, 0, 0, 45437),
(@entry, 308, 22732, 0, 0, 45437),
(@entry, 309, 21678, 0, 0, 45437),
(@entry, 310, 21639, 0, 0, 45437),
(@entry, 311, 21602, 0, 0, 45437),
(@entry, 312, 21648, 0, 0, 45437),
(@entry, 313, 21609, 0, 0, 45437),
(@entry, 314, 21601, 0, 0, 45437),
(@entry, 315, 21709, 0, 0, 45437),
(@entry, 316, 21596, 0, 0, 45437),
(@entry, 317, 21620, 0, 0, 45437),
(@entry, 318, 21836, 0, 0, 45437),
(@entry, 319, 21663, 0, 0, 45437),
(@entry, 320, 21598, 0, 0, 45437),
(@entry, 321, 21597, 0, 0, 45437),
(@entry, 322, 21625, 0, 0, 45437),
(@entry, 323, 21839, 0, 0, 45437),
(@entry, 324, 21622, 0, 0, 45437),
(@entry, 325, 21694, 0, 0, 45437),
(@entry, 326, 23558, 0, 0, 45437),
(@entry, 327, 21610, 0, 0, 45437);

DELETE FROM `item_template` WHERE `entry`IN (189420, 189421, 189426, 189427);
INSERT INTO `item_template` (`entry`, `class`, `subclass`, `SoundOverrideSubclass`, `name`, `displayid`, `Quality`, `Flags`, `FlagsExtra`, `BuyCount`, `BuyPrice`, `SellPrice`, `InventoryType`, `AllowableClass`, `AllowableRace`, `ItemLevel`, `RequiredLevel`, `RequiredSkill`, `RequiredSkillRank`, `requiredspell`, `requiredhonorrank`, `RequiredCityRank`, `RequiredReputationFaction`, `RequiredReputationRank`, `maxcount`, `stackable`, `ContainerSlots`, `StatsCount`, `stat_type1`, `stat_value1`, `stat_type2`, `stat_value2`, `stat_type3`, `stat_value3`, `stat_type4`, `stat_value4`, `stat_type5`, `stat_value5`, `stat_type6`, `stat_value6`, `stat_type7`, `stat_value7`, `stat_type8`, `stat_value8`, `stat_type9`, `stat_value9`, `stat_type10`, `stat_value10`, `ScalingStatDistribution`, `ScalingStatValue`, `dmg_min1`, `dmg_max1`, `dmg_type1`, `dmg_min2`, `dmg_max2`, `dmg_type2`, `armor`, `holy_res`, `fire_res`, `nature_res`, `frost_res`, `shadow_res`, `arcane_res`, `delay`, `ammo_type`, `RangedModRange`, `spellid_1`, `spelltrigger_1`, `spellcharges_1`, `spellppmRate_1`, `spellcooldown_1`, `spellcategory_1`, `spellcategorycooldown_1`, `spellid_2`, `spelltrigger_2`, `spellcharges_2`, `spellppmRate_2`, `spellcooldown_2`, `spellcategory_2`, `spellcategorycooldown_2`, `spellid_3`, `spelltrigger_3`, `spellcharges_3`, `spellppmRate_3`, `spellcooldown_3`, `spellcategory_3`, `spellcategorycooldown_3`, `spellid_4`, `spelltrigger_4`, `spellcharges_4`, `spellppmRate_4`, `spellcooldown_4`, `spellcategory_4`, `spellcategorycooldown_4`, `spellid_5`, `spelltrigger_5`, `spellcharges_5`, `spellppmRate_5`, `spellcooldown_5`, `spellcategory_5`, `spellcategorycooldown_5`, `bonding`, `description`, `PageText`, `LanguageID`, `PageMaterial`, `startquest`, `lockid`, `Material`, `sheath`, `RandomProperty`, `RandomSuffix`, `block`, `itemset`, `MaxDurability`, `area`, `Map`, `BagFamily`, `TotemCategory`, `socketColor_1`, `socketContent_1`, `socketColor_2`, `socketContent_2`, `socketColor_3`, `socketContent_3`, `socketBonus`, `GemProperties`, `RequiredDisenchantSkill`, `ArmorDamageModifier`, `duration`, `ItemLimitCategory`, `HolidayId`, `ScriptName`, `DisenchantID`, `FoodType`, `minMoneyLoot`, `maxMoneyLoot`, `flagsCustom`, `VerifiedBuild`) VALUES
(189420, 0, 0, -1, 'Fire Resist Plate Gear', 12991, 1, 4, 24580, 1, 0, 0, 0, -1, -1, 1, 0, 0, 0, 0, 0, 0, 0, 0, 0, 1, 0, 0, 0, 0, 0, 0, 0, 0, 0, 0, 0, 0, 0, 0, 0, 0, 0, 0, 0, 0, 0, 0, 0, 0, 0, 0, 0, 0, 0, 0, 0, NULL, NULL, NULL, NULL, NULL, NULL, 1000, 0, 0, 0, 0, 0, 0, -1, 0, -1, 0, 0, 0, 0, -1, 0, -1, 0, 0, 0, 0, -1, 0, -1, 0, 0, 0, 0, -1, 0, -1, 0, 0, 0, 0, -1, 0, -1, 0, '', 0, 0, 0, 0, 0, 1, 0, 0, 0, 0, 0, 0, 0, 0, 0, 0, 0, 0, 0, 0, 0, 0, 0, 0, -1, 0, 0, 0, 0, '', 0, 0, 0, 0, 0, 45437),
(189421, 0, 0, -1, 'Fire Resist Leather Gear', 12991, 1, 4, 24580, 1, 0, 0, 0, -1, -1, 1, 0, 0, 0, 0, 0, 0, 0, 0, 0, 1, 0, 0, 0, 0, 0, 0, 0, 0, 0, 0, 0, 0, 0, 0, 0, 0, 0, 0, 0, 0, 0, 0, 0, 0, 0, 0, 0, 0, 0, 0, 0, NULL, NULL, NULL, NULL, NULL, NULL, 1000, 0, 0, 0, 0, 0, 0, -1, 0, -1, 0, 0, 0, 0, -1, 0, -1, 0, 0, 0, 0, -1, 0, -1, 0, 0, 0, 0, -1, 0, -1, 0, 0, 0, 0, -1, 0, -1, 0, '', 0, 0, 0, 0, 0, 1, 0, 0, 0, 0, 0, 0, 0, 0, 0, 0, 0, 0, 0, 0, 0, 0, 0, 0, -1, 0, 0, 0, 0, '', 0, 0, 0, 0, 0, 45437),
(189426, 0, 0, -1, 'Raid Consumables', 12991, 1, 4, 24580, 1, 0, 0, 0, -1, -1, 1, 0, 0, 0, 0, 0, 0, 0, 0, 0, 1, 0, 0, 0, 0, 0, 0, 0, 0, 0, 0, 0, 0, 0, 0, 0, 0, 0, 0, 0, 0, 0, 0, 0, 0, 0, 0, 0, 0, 0, 0, 0, NULL, NULL, NULL, NULL, NULL, NULL, 1000, 0, 0, 0, 0, 0, 0, -1, 0, -1, 0, 0, 0, 0, -1, 0, -1, 0, 0, 0, 0, -1, 0, -1, 0, 0, 0, 0, -1, 0, -1, 0, 0, 0, 0, -1, 0, -1, 0, '', 0, 0, 0, 0, 0, 1, 0, 0, 0, 0, 0, 0, 0, 0, 0, 0, 0, 0, 0, 0, 0, 0, 0, 0, -1, 0, 0, 0, 0, '', 0, 0, 0, 0, 0, 45437),
(189427, 0, 0, -1, 'More Raid Consumables', 12991, 1, 4, 24580, 1, 0, 0, 0, -1, -1, 1, 0, 0, 0, 0, 0, 0, 0, 0, 0, 1, 0, 0, 0, 0, 0, 0, 0, 0, 0, 0, 0, 0, 0, 0, 0, 0, 0, 0, 0, 0, 0, 0, 0, 0, 0, 0, 0, 0, 0, 0, 0, NULL, NULL, NULL, NULL, NULL, NULL, 1000, 0, 0, 0, 0, 0, 0, -1, 0, -1, 0, 0, 0, 0, -1, 0, -1, 0, 0, 0, 0, -1, 0, -1, 0, 0, 0, 0, -1, 0, -1, 0, 0, 0, 0, -1, 0, -1, 0, '', 0, 0, 0, 0, 0, 1, 0, 0, 0, 0, 0, 0, 0, 0, 0, 0, 0, 0, 0, 0, 0, 0, 0, 0, -1, 0, 0, 0, 0, '', 0, 0, 0, 0, 0, 45437);

DELETE FROM `item_loot_template` WHERE `Entry` IN (189420, 189421, 189426, 189427);
INSERT INTO `item_loot_template` (`Entry`, `Item`, `Reference`, `Chance`, `QuestRequired`, `LootMode`, `GroupId`, `MinCount`, `MaxCount`, `Comment`) VALUES
(189420, 12612, 0, 100, 0, 1, 0, 1, 1, 'Fire Resist Plate Gear - Runic Plate Helm'),
(189420, 12952, 0, 100, 0, 1, 1, 1, 1, 'Fire Resist Plate Gear - Gyth''s Skull of Arcane Resistance'),
(189420, 16309, 0, 100, 0, 1, 2, 1, 1, 'Fire Resist Plate Gear - Drakefire Amulet'),
(189420, 11605, 0, 100, 0, 1, 3, 1, 1, 'Fire Resist Plate Gear - Dark Iron Shoulders'),
(189420, 12613, 0, 100, 0, 1, 4, 1, 1, 'Fire Resist Plate Gear - Runic Breastplate'),
(189420, 10384, 0, 100, 0, 1, 5, 1, 1, 'Fire Resist Plate Gear - Hyperion Armor of Stamina'),
(189420, 10387, 0, 100, 0, 1, 6, 1, 1, 'Fire Resist Plate Gear - Hyperion Girdle of the Bear'),
(189420, 12406, 0, 100, 0, 1, 7, 1, 1, 'Fire Resist Plate Gear - Thorium Belt'),
(189420, 10389, 0, 100, 0, 1, 8, 1, 1, 'Fire Resist Plate Gear - Hyperion Legplates of the Monkey'),
(189420, 12614, 0, 100, 0, 1, 9, 1, 1, 'Fire Resist Plate Gear - Runic Plate Leggings'),
(189420, 13527, 0, 100, 0, 1, 10, 1, 1, 'Fire Resist Plate Gear - Lavawalker Greaves'),
(189420, 11767, 0, 100, 0, 1, 11, 1, 1, 'Fire Resist Plate Gear - Emberplate Armguards of the Gorilla'),
(189420, 12631, 0, 100, 0, 1, 12, 1, 1, 'Fire Resist Plate Gear - Fiery Plate Gauntlets'),
(189420, 18399, 0, 100, 0, 1, 13, 1, 1, 'Fire Resist Plate Gear - Ocean''s Breeze'),
(189420, 12017, 0, 100, 0, 1, 14, 1, 1, 'Fire Resist Plate Gear - Prismatic Band of the Monkey'),
(189420, 11978, 0, 100, 0, 1, 15, 1, 1, 'Fire Resist Plate Gear - Jasper Link of Nature Resistance'),
(189420, 12344, 0, 100, 0, 1, 16, 1, 1, 'Fire Resist Plate Gear - Seal of Ascension'),
(189420, 18466, 0, 100, 0, 1, 17, 1, 1, 'Fire Resist Plate Gear - Royal Seal of Eldre''Thalas'),
(189420, 2802, 0, 100, 0, 1, 18, 1, 1, 'Fire Resist Plate Gear - Blazing Emblem'),
(189420, 13164, 0, 100, 0, 1, 19, 1, 1, 'Fire Resist Plate Gear - Heart of the Scale'),
(189420, 14555, 0, 100, 0, 1, 20, 1, 1, 'Fire Resist Plate Gear - Alcor''s Sunrazor'),
(189420, 12602, 0, 100, 0, 1, 21, 1, 1, 'Fire Resist Plate Gear - Draconian Deflector'),
(189420, 17523, 0, 100, 0, 1, 22, 1, 1, 'Fire Resist Plate Gear - Smokey''s Drape'),
(189420, 12905, 0, 100, 0, 1, 23, 1, 1, 'Fire Resist Plate Gear - Wildfire Cape'),
-- (189420, 18466, 0, 100, 0, 1, 17, 1, 1, 'Fire Resist Plate Gear - Royal Seal of Eldre''Thalas'), -- Blizzlike duplicate here.
-- (189420, 18472, 0, 100, 0, 1, 17, 1, 1, 'Fire Resist Plate Gear - Royal Seal of Eldre''Thalas'), -- The rest of these don't actually exist, but I'm putting them here in case they're wanted.
-- (189420, 18473, 0, 100, 0, 1, 17, 1, 1, 'Fire Resist Plate Gear - Royal Seal of Eldre''Thalas'), -- Because Blizzard didn't want them, only warriors get the seal I guess.
-- (189420, 18465, 0, 100, 0, 1, 17, 1, 1, 'Fire Resist Plate Gear - Royal Seal of Eldre''Thalas'),
-- (189420, 18469, 0, 100, 0, 1, 17, 1, 1, 'Fire Resist Plate Gear - Royal Seal of Eldre''Thalas'),
-- (189420, 18471, 0, 100, 0, 1, 17, 1, 1, 'Fire Resist Plate Gear - Royal Seal of Eldre''Thalas'),
-- (189420, 18468, 0, 100, 0, 1, 17, 1, 1, 'Fire Resist Plate Gear - Royal Seal of Eldre''Thalas'),
-- (189420, 18467, 0, 100, 0, 1, 17, 1, 1, 'Fire Resist Plate Gear - Royal Seal of Eldre''Thalas'),
-- (189420, 18470, 0, 100, 0, 1, 17, 1, 1, 'Fire Resist Plate Gear - Royal Seal of Eldre''Thalas'),
(189420, 18182, 0, 100, 0, 1, 24, 1, 1, 'Fire Resist Plate Gear - Chromatic Mantle of the Dawn'),
(189420, 18169, 0, 100, 0, 1, 25, 1, 1, 'Fire Resist Plate Gear - Flame Mantle of the Dawn'),
(189421, 11935, 0, 100, 0, 1, 0, 1, 1, 'Fire Resist Leather Gear - Magmus Stone'),
(189421, 12905, 0, 100, 0, 1, 1, 1, 1, 'Fire Resist Leather Gear - Wildfire Cape'),
(189421, 14555, 0, 100, 0, 1, 2, 1, 1, 'Fire Resist Leather Gear - Alcor''s Sunrazor'),
(189421, 2802, 0, 100, 0, 1, 3, 1, 1, 'Fire Resist Leather Gear - Blazing Emblem'),
(189421, 13164, 0, 100, 0, 1, 4, 1, 1, 'Fire Resist Leather Gear - Heart of the Scale'),
(189421, 12017, 0, 100, 0, 1, 5, 1, 1, 'Fire Resist Leather Gear - Prismatic Band of the Tiger'),
(189421, 13258, 0, 100, 0, 1, 6, 1, 1, 'Fire Resist Leather Gear - Slaghide Gauntlets of the Monkey'),
(189421, 11764, 0, 100, 0, 1, 7, 1, 1, 'Fire Resist Leather Gear - Cinderhide Armsplints of the Monkey'),
(189421, 18043, 0, 100, 0, 1, 8, 1, 1, 'Fire Resist Leather Gear - Coal Miner Boots'),
(189421, 15054, 0, 100, 0, 1, 9, 1, 1, 'Fire Resist Leather Gear - Volcanic Leggings'),
(189421, 13526, 0, 100, 0, 1, 10, 1, 1, 'Fire Resist Leather Gear - Flamescarred Girdle'),
(189421, 15053, 0, 100, 0, 1, 11, 1, 1, 'Fire Resist Leather Gear - Volcanic Breastplate'),
(189421, 15055, 0, 100, 0, 1, 12, 1, 1, 'Fire Resist Leather Gear - Volcanic Shoulders'),
(189421, 16309, 0, 100, 0, 1, 13, 1, 1, 'Fire Resist Leather Gear - Drakefire Amulet'),
(189421, 12960, 0, 100, 0, 1, 14, 1, 1, 'Fire Resist Leather Gear - Tribal War Feathers of Nature Resistance'),
(189421, 12065, 0, 100, 0, 1, 15, 1, 1, 'Fire Resist Leather Gear - Ward of the Elements'),
(189421, 18182, 0, 100, 0, 1, 16, 1, 1, 'Fire Resist Leather Gear - Chromatic Mantle of the Dawn'),
(189421, 18169, 0, 100, 0, 1, 17, 1, 1, 'Fire Resist Leather Gear - Flame Mantle of the Dawn'),
(189421, 11805, 0, 100, 0, 1, 18, 1, 1, 'Fire Resist Leather Gear - Rubidium Hammer'),
(189421, 9449, 0, 100, 0, 1, 19, 1, 1, 'Fire Resist Leather Gear - Manual Crowd Pummeler'),
(189421, 11811, 0, 100, 0, 1, 20, 1, 1, 'Fire Resist Leather Gear - Smoking Heart of the Mountain'),
(189426, 21546, 0, 100, 0, 1, 0, 5, 5, 'Raid Consumables - Elixir of Greater Firepower'),
(189426, 21151, 0, 100, 0, 1, 1, 10, 10, 'Raid Consumables - Rumsey Rum Black Label'),
(189426, 20520, 0, 100, 0, 1, 2, 20, 20, 'Raid Consumables - Dark Rune'),
(189426, 18262, 0, 100, 0, 1, 3, 20, 20, 'Raid Consumables - Elemental Sharpening Stone'),
(189426, 18254, 0, 100, 0, 1, 4, 20, 20, 'Raid Consumables - Runn Tum Tuber Surprise'),
(189426, 16665, 0, 100, 0, 1, 5, 1, 1, 'Raid Consumables - Tome of Tranquilizing Shot'),
(189426, 14530, 0, 100, 0, 1, 6, 20, 20, 'Raid Consumables - Heavy Runecloth Bandage'),
(189426, 13931, 0, 100, 0, 1, 7, 20, 20, 'Raid Consumables - Nightfin Soup'),
(189426, 13928, 0, 100, 0, 1, 8, 20, 20, 'Raid Consumables - Grilled Squid'),
(189426, 13813, 0, 100, 0, 1, 9, 20, 20, 'Raid Consumables - Blessed Sunfruit Juice'),
(189426, 13810, 0, 100, 0, 1, 10, 20, 20, 'Raid Consumables - Blessed Sunfruit'),
(189426, 13513, 0, 100, 0, 1, 11, 5, 5, 'Raid Consumables - Flask of Chromatic Resistance'),
(189426, 13512, 0, 100, 0, 1, 12, 5, 5, 'Raid Consumables - Flask of Supreme Power'),
(189426, 13511, 0, 100, 0, 1, 13, 5, 5, 'Raid Consumables - Flask of Distilled Wisdom'),
(189426, 13510, 0, 100, 0, 1, 14, 5, 5, 'Raid Consumables - Flask of the Titans'),
(189426, 13461, 0, 100, 0, 1, 15, 5, 5, 'Raid Consumables - Greater Arcane Protection Potion'),
(189426, 13459, 0, 100, 0, 1, 16, 5, 5, 'Raid Consumables - Greater Shadow Protection Potion'),
(189426, 13458, 0, 100, 0, 1, 17, 5, 5, 'Raid Consumables - Greater Nature Protection Potion'),
(189426, 13457, 0, 100, 0, 1, 18, 5, 5, 'Raid Consumables - Greater Fire Protection Potion'),
(189426, 13456, 0, 100, 0, 1, 19, 5, 5, 'Raid Consumables - Greater Frost Protection Potion'),
(189426, 13454, 0, 100, 0, 1, 20, 5, 5, 'Raid Consumables - Greater Arcane Elixir'),
(189426, 13452, 0, 100, 0, 1, 21, 5, 5, 'Raid Consumables - Elixir of the Mongoose'),
(189426, 13445, 0, 100, 0, 1, 22, 5, 5, 'Raid Consumables - Elixir of Superior Defense'),
(189426, 13444, 0, 100, 0, 1, 23, 5, 5, 'Raid Consumables - Major Mana Potion'),
(189427, 12820, 0, 100, 0, 1, 0, 5, 5, 'More Raid Consumables - Winterfall Firewater'),
(189427, 12662, 0, 100, 0, 1, 1, 20, 20, 'More Raid Consumables - Demonic Rune'),
(189427, 12460, 0, 100, 0, 1, 2, 20, 20, 'More Raid Consumables - Juju Might'),
(189427, 12457, 0, 100, 0, 1, 3, 20, 20, 'More Raid Consumables - Juju Chill'),
(189427, 12455, 0, 100, 0, 1, 4, 20, 20, 'More Raid Consumables - Juju Ember'),
(189427, 12451, 0, 100, 0, 1, 5, 20, 20, 'More Raid Consumables - Juju Power'),
(189427, 12404, 0, 100, 0, 1, 6, 20, 20, 'More Raid Consumables - Dense Sharpening Stone'),
(189427, 12384, 0, 100, 0, 1, 7, 1, 1, 'More Raid Consumables - Cache of Mau''ari'),
(189427, 9264, 0, 100, 0, 1, 8, 5, 5, 'More Raid Consumables - Elixir of Shadow Power'),
(189427, 9206, 0, 100, 0, 1, 9, 5, 5, 'More Raid Consumables - Elixir of Giants'),
(189427, 9088, 0, 100, 0, 1, 10, 5, 5, 'More Raid Consumables - Gift of Arthas'),
(189427, 6657, 0, 100, 0, 1, 11, 20, 20, 'More Raid Consumables - Savory Deviate Delight'),
(189427, 5634, 0, 100, 0, 1, 12, 5, 5, 'More Raid Consumables - Free Action Potion'),
(189427, 3825, 0, 100, 0, 1, 13, 5, 5, 'More Raid Consumables - Elixir of Fortitude'),
(189427, 3387, 0, 100, 0, 1, 14, 5, 5, 'More Raid Consumables - Limited Invulnerability Potion'),
(189427, 13446, 0, 100, 0, 1, 15, 5, 5, 'More Raid Consumables - Major Healing Potion'),
(189427, 3826, 0, 100, 0, 1, 16, 5, 5, 'More Raid Consumables - Mighty Troll''s Blood Potion'),
(189427, 12190, 0, 100, 0, 1, 17, 5, 5, 'More Raid Consumables - Dreamless Sleep Potion'),
(189427, 13455, 0, 100, 0, 1, 18, 5, 5, 'More Raid Consumables - Greater Stoneshield Potion'),
(189427, 13442, 0, 100, 0, 1, 19, 5, 5, 'More Raid Consumables - Mighty Rage Potion');

SET
@guid = 4000002;

DELETE FROM `creature_template` WHERE `entry` IN (32753, 32754, 32755, 32756, 32757, 32758, 32759, 32760, 32761, 32762, 199387);
INSERT INTO `creature_template` (`entry`, `difficulty_entry_1`, `difficulty_entry_2`, `difficulty_entry_3`, `KillCredit1`, `KillCredit2`, `modelid1`, `modelid2`, `modelid3`, `modelid4`, `name`, `subname`, `IconName`, `gossip_menu_id`, `minlevel`, `maxlevel`, `exp`, `faction`, `npcflag`, `speed_walk`, `speed_run`, `speed_swim`, `speed_flight`, `detection_range`, `scale`, `rank`, `dmgschool`, `DamageModifier`, `BaseAttackTime`, `RangeAttackTime`, `BaseVariance`, `RangeVariance`, `unit_class`, `unit_flags`, `unit_flags2`, `dynamicflags`, `family`, `trainer_type`, `trainer_spell`, `trainer_class`, `trainer_race`, `type`, `type_flags`, `lootid`, `pickpocketloot`, `skinloot`, `PetSpellDataId`, `VehicleId`, `mingold`, `maxgold`, `AIName`, `MovementType`, `HoverHeight`, `HealthModifier`, `ManaModifier`, `ArmorModifier`, `ExperienceModifier`, `RacialLeader`, `movementId`, `RegenHealth`, `mechanic_immune_mask`, `spell_school_immune_mask`, `flags_extra`, `ScriptName`, `VerifiedBuild`) VALUES
(32753, 0, 0, 0, 0, 0, 25778, 0, 0, 0, 'Lok', 'Death Knight Supplies', '', 0, 80, 80, 2, 2007, 128, 2.5, 8, 4.72221994400024414, 7, 20, 1, 0, 0, 1, 2000, 2000, 1, 1, 8, 32768, 2048, 0, 0, 0, 0, 0, 0, 7, 4096, 0, 0, 0, 0, 0, 0, 0, '', 0, 1, 1, 1, 1, 1, 0, 0, 1, 0, 0, 0, '', 46368),
(32754, 0, 0, 0, 0, 0, 23662, 0, 0, 0, 'Austeen', 'Druid Supplies', '', 0, 80, 80, 2, 2007, 128, 2.5, 8, 4.72221994400024414, 7, 20, 1, 0, 0, 1, 2000, 2000, 1, 1, 8, 32768, 2048, 0, 0, 0, 0, 0, 0, 7, 4096, 0, 0, 0, 0, 0, 0, 0, '', 0, 1, 1, 1, 1, 1, 0, 0, 1, 0, 0, 0, '', 46368),
(32755, 0, 0, 0, 0, 0, 28184, 0, 0, 0, 'Holloway Fjordhammer', 'Hunter Supplies', '', 0, 80, 80, 2, 2007, 128, 2.5, 8, 4.72221994400024414, 7, 20, 1, 0, 0, 1, 2000, 2000, 1, 1, 8, 32768, 2048, 0, 0, 0, 0, 0, 0, 7, 4096, 0, 0, 0, 0, 0, 0, 0, '', 0, 1, 1, 1, 1, 1, 0, 0, 1, 0, 0, 0, '', 46368),
(32756, 0, 0, 0, 0, 0, 23665, 0, 0, 0, 'Linus Galespin', 'Mage Supplies', '', 0, 80, 80, 2, 2007, 128, 2.5, 8, 4.72221994400024414, 7, 20, 1, 0, 0, 1, 2000, 2000, 1, 1, 8, 32768, 2048, 0, 0, 0, 0, 0, 0, 7, 4096, 0, 0, 0, 0, 0, 0, 0, '', 0, 1, 1, 1, 1, 1, 0, 0, 1, 0, 0, 0, '', 46368),
(32757, 0, 0, 0, 0, 0, 23668, 0, 0, 0, 'Harold Dawson', 'Paladin Supplies', '', 0, 80, 80, 2, 2007, 128, 2.5, 8, 4.72221994400024414, 7, 20, 1, 0, 0, 1, 2000, 2000, 1, 1, 8, 32768, 2048, 0, 0, 0, 0, 0, 0, 7, 4096, 0, 0, 0, 0, 0, 0, 0, '', 0, 1, 1, 1, 1, 1, 0, 0, 1, 0, 0, 0, '', 46368),
(32758, 0, 0, 0, 0, 0, 23670, 0, 0, 0, 'Charlotte Made', 'Priest Supplies', '', 0, 80, 80, 2, 2007, 128, 2.5, 8, 4.72221994400024414, 7, 20, 1, 0, 0, 1, 2000, 2000, 1, 1, 8, 32768, 2048, 0, 0, 0, 0, 0, 0, 7, 4096, 0, 0, 0, 0, 0, 0, 0, '', 0, 1, 1, 1, 1, 1, 0, 0, 1, 0, 0, 0, '', 46368),
(32759, 0, 0, 0, 0, 0, 23672, 0, 0, 0, 'Libby Waterwheel', 'Rogue Supplies', '', 0, 80, 80, 2, 2007, 128, 2.5, 8, 4.72221994400024414, 7, 20, 1, 0, 0, 1, 2000, 2000, 1, 1, 8, 32768, 2048, 0, 0, 0, 0, 0, 0, 7, 4096, 0, 0, 0, 0, 0, 0, 0, '', 0, 1, 1, 1, 1, 1, 0, 0, 1, 0, 0, 0, '', 46368),
(32760, 0, 0, 0, 0, 0, 23778, 0, 0, 0, 'Juliet Stonehelm', 'Shaman Supplies', '', 0, 80, 80, 2, 2007, 128, 2.5, 8, 4.72221994400024414, 7, 20, 1, 0, 0, 1, 2000, 2000, 1, 1, 8, 32768, 2048, 0, 0, 0, 0, 0, 0, 7, 4096, 0, 0, 0, 0, 0, 0, 0, '', 0, 1, 1, 1, 1, 1, 0, 0, 1, 0, 0, 0, '', 46368),
(32761, 0, 0, 0, 0, 0, 23676, 0, 0, 0, 'Claire Littlesun', 'Warlock Supplies', '', 0, 80, 80, 2, 2007, 128, 2.5, 8, 4.72221994400024414, 7, 20, 1, 0, 0, 1, 2000, 2000, 1, 1, 8, 32768, 2048, 0, 0, 0, 0, 0, 0, 7, 4096, 0, 0, 0, 0, 0, 0, 0, '', 0, 1, 1, 1, 1, 1, 0, 0, 1, 0, 0, 0, '', 46368),
(32762, 0, 0, 0, 0, 0, 23779, 0, 0, 0, 'David Hume', 'Warrior Supplies', '', 0, 80, 80, 2, 2007, 128, 2.5, 8, 4.72221994400024414, 7, 20, 1, 0, 0, 1, 2000, 2000, 1, 1, 8, 32768, 2048, 0, 0, 0, 0, 0, 0, 7, 4096, 0, 0, 0, 0, 0, 0, 0, '', 0, 1, 1, 1, 1, 1, 0, 0, 1, 0, 0, 0, '', 46368),
(199387, 0, 0, 0, 0, 0, 29153, 0, 0, 0, 'D3-BA', 'Engineering Supplies', '', 0, 80, 80, 2, 2007, 128, 2.5, 8, 4.72221994400024414, 7, 20, 0.25, 0, 0, 1, 2000, 2000, 1, 1, 8, 32768, 2048, 0, 0, 0, 0, 0, 0, 9, 4096, 0, 0, 0, 0, 0, 0, 0, '', 0, 1, 1, 1, 1, 1, 0, 0, 1, 0, 0, 0, '', 46368);

DELETE FROM `creature` WHERE `id1` IN (32753, 32754, 32755, 32756, 32757, 32758, 32759, 32760, 32761, 32762, 199387);
INSERT INTO `creature` (`guid`, `id1`, `id2`, `id3`, `map`, `zoneId`, `areaId`, `spawnMask`, `phaseMask`, `equipment_id`, `position_x`, `position_y`, `position_z`, `orientation`, `spawntimesecs`, `wander_distance`, `currentwaypoint`, `curhealth`, `curmana`, `MovementType`, `npcflag`, `unit_flags`, `dynamicflags`, `ScriptName`, `VerifiedBuild`) VALUES
-- Stormwind City
(@guid, 32753, 0, 0, 0, 0, 0, 1, 1, 0, -8819.5595703125, 623.07989501953125, 94.08200836181640625, 1.658153295516967773, 120, 0, 0, 10080, 8814, 0, 0, 0, 0, '', 46368), --			Lok, Death Knight
(@guid+1, 32754, 0, 0, 0, 0, 0, 1, 1, 0, -8825.580078125, 624.482666015625, 93.90999603271484375, 1.091040611267089843, 120, 0, 0, 10080, 8814, 0, 0, 0, 0, '', 46368), --			Austeen, Druid
(@guid+2, 32755, 0, 0, 0, 0, 0, 1, 1, 0, -8830.017578125, 629.38018798828125, 94.1658477783203125, 0.468870818614959716, 120, 0, 0, 10080, 8814, 0, 0, 0, 0, '', 46368), --			Holloway Fjordhammer, Hunter
(@guid+3, 32756, 0, 0, 0, 0, 0, 1, 1, 0, -8831.2470703125, 635.90106201171875, 94.44677734375, 6.124394416809082031, 120, 0, 0, 10080, 8814, 0, 0, 0, 0, '', 46368), --				Linus Galespin, Mage
(@guid+4, 32757, 0, 0, 0, 0, 0, 1, 1, 0, -8828.4423828125, 641.357666015625, 94.46368408203125, 5.546715736389160156, 120, 0, 0, 10080, 8814, 0, 0, 0, 0, '', 46368), --			Harold Dawson, Paladin
(@guid+5, 32758, 0, 0, 0, 0, 0, 1, 1, 0, -8812.111328125, 627.0399169921875, 94.31201934814453125, 2.437940835952758789, 120, 0, 0, 10080, 8814, 0, 0, 0, 0, '', 46368), --			Charlotte Made, Priest
(@guid+6, 32759, 0, 0, 0, 0, 0, 1, 1, 0, -8810.1669921875, 632.342041015625, 94.31201934814453125, 2.965606689453125, 120, 0, 0, 10080, 8814, 0, 0, 0, 0, '', 46368), --			Libby Waterwheel, Rogue
(@guid+7, 32760, 0, 0, 0, 0, 0, 1, 1, 0, -8811.486328125, 639.2430419921875, 94.31201934814453125, 3.651440858840942382, 120, 0, 0, 10080, 8814, 0, 0, 0, 0, '', 46368), --			Juliet Stonehelm, Shaman
(@guid+8, 32761, 0, 0, 0, 0, 0, 1, 1, 0, -8815.798828125, 643.763916015625, 94.31201934814453125, 4.253458023071289062, 120, 0, 0, 10080, 8814, 0, 0, 0, 0, '', 46368), --			Claire Littlesun, Warlock
(@guid+9, 32762, 0, 0, 0, 0, 0, 1, 1, 0, -8821.2783203125, 644.97393798828125, 94.4173736572265625, 4.781438350677490234, 120, 0, 0, 10080, 8814, 0, 0, 0, 0, '', 46368), --		David Hume, Warrior
(@guid+10, 199387, 0, 0, 0, 0, 0, 1, 1, 0, -8839.986328125, 623.703125, 93.6478118896484375, 1.118142604827880859, 120, 0, 0, 10080, 8814, 0, 0, 0, 0, '', 46368), --				D3-BA
-- Orgrimmar
(@guid+11, 32753, 0, 0, 1, 0, 0, 1, 1, 0, 1551.8350830078125, -4433.15625, 10.00297737121582031, 1.669103145599365234, 120, 0, 0, 10080, 8814, 0, 0, 0, 0, '', 46368), --			Lok, Death Knight
(@guid+12, 32754, 0, 0, 1, 0, 0, 1, 1, 0, 1545.814208984375, -4431.75341796875, 10.98676490783691406, 1.100525259971618652, 120, 0, 0, 10080, 8814, 0, 0, 0, 0, '', 46368), --		Austeen, Druid
(@guid+13, 32755, 0, 0, 1, 0, 0, 1, 1, 0, 1541.376708984375, -4426.85400390625, 11.45331859588623046, 0.473070085048675537, 120, 0, 0, 10080, 8814, 0, 0, 0, 0, '', 46368), --		Holloway Fjordhammer, Hunter
(@guid+14, 32756, 0, 0, 1, 0, 0, 1, 1, 0, 1540.1475830078125, -4420.33349609375, 11.30712318420410156, 6.121489524841308593, 120, 0, 0, 10080, 8814, 0, 0, 0, 0, '', 46368), --		Linus Galespin, Mage
(@guid+15, 32757, 0, 0, 1, 0, 0, 1, 1, 0, 1542.953125, -4414.87841796875, 10.54090785980224609, 5.538168907165527343, 120, 0, 0, 10080, 8814, 0, 0, 0, 0, '', 46368), --			Harold Dawson, Paladin
(@guid+16, 32758, 0, 0, 1, 0, 0, 1, 1, 0, 1559.282958984375, -4429.1943359375, 8.080112457275390625, 2.445841312408447265, 120, 0, 0, 10080, 8814, 0, 0, 0, 0, '', 46368), --		Charlotte Made, Priest
(@guid+17, 32759, 0, 0, 1, 0, 0, 1, 1, 0, 1561.2274169921875, -4423.892578125, 8.114414215087890625, 2.96872568130493164, 120, 0, 0, 10080, 8814, 0, 0, 0, 0, '', 46368), --		Libby Waterwheel, Rogue
(@guid+18, 32760, 0, 0, 1, 0, 0, 1, 1, 0, 1559.907958984375, -4416.9931640625, 8.211145401000976562, 3.646637201309204101, 120, 0, 0, 10080, 8814, 0, 0, 0, 0, '', 46368), --		Juliet Stonehelm, Shaman
(@guid+19, 32761, 0, 0, 1, 0, 0, 1, 1, 0, 1555.595458984375, -4412.47216796875, 8.540330886840820312, 4.243738651275634765, 120, 0, 0, 10080, 8814, 0, 0, 0, 0, '', 46368), --		Claire Littlesun, Warlock
(@guid+20, 32762, 0, 0, 1, 0, 0, 1, 1, 0, 1550.1163330078125, -4411.26025390625, 9.210911750793457031, 4.770144939422607421, 120, 0, 0, 10080, 8814, 0, 0, 0, 0, '', 46368), --		David Hume, Warrior
(@guid+21, 199387, 0, 0, 1, 0, 0, 1, 1, 0, 1549.701416015625, -4419.0869140625, 9.645292282104492187, 3.581407070159912109, 120, 0, 0, 10080, 8814, 0, 0, 0, 0, '', 46368), --		D3-BA
-- Shattrath City
(@guid+22, 32753, 0, 0, 530, 0, 0, 1, 1, 0, -1862.8055419921875, 5418.955078125, -10.380476951599121, 4.716419219970703125, 120, 0, 0, 10080, 8814, 0, 0, 0, 0, '', 46368), --		Lok, Death Knight
(@guid+23, 32754, 0, 0, 530, 0, 0, 1, 1, 0, -1868.8211669921875, 5420.35693359375, -10.3804922103881835, 4.446330547332763671, 120, 0, 0, 10080, 8814, 0, 0, 0, 0, '', 46368), --	Austeen, Druid
(@guid+24, 32755, 0, 0, 530, 0, 0, 1, 1, 0, -1873.2586669921875, 5425.25537109375, -10.3804855346679687, 3.612667560577392578, 120, 0, 0, 10080, 8814, 0, 0, 0, 0, '', 46368), --	Holloway Fjordhammer, Hunter
(@guid+25, 32756, 0, 0, 530, 0, 0, 1, 1, 0, -1874.4913330078125, 5431.77587890625, -10.3804922103881835, 3.053025484085083007, 120, 0, 0, 10080, 8814, 0, 0, 0, 0, '', 46368), --	Linus Galespin, Mage
(@guid+26, 32757, 0, 0, 530, 0, 0, 1, 1, 0, -1871.689208984375, 5437.23291015625, -10.3804798126220703, 2.832163095474243164, 120, 0, 0, 10080, 8814, 0, 0, 0, 0, '', 46368), --	Harold Dawson, Paladin
(@guid+27, 32758, 0, 0, 530, 0, 0, 1, 1, 0, -1855.3524169921875, 5422.9140625, -10.3804779052734375, 5.773743152618408203, 120, 0, 0, 10080, 8814, 0, 0, 0, 0, '', 46368), --		Charlotte Made, Priest
(@guid+28, 32759, 0, 0, 530, 0, 0, 1, 1, 0, -1853.4114990234375, 5428.21630859375, -10.3804931640625, 6.042271614074707031, 120, 0, 0, 10080, 8814, 0, 0, 0, 0, '', 46368), --		Libby Waterwheel, Rogue
(@guid+29, 32760, 0, 0, 530, 0, 0, 1, 1, 0, -1853.4166259765625, 5431.61181640625, -10.3805189132690429, 0.322533309459686279, 120, 0, 0, 10080, 8814, 0, 0, 0, 0, '', 46368), --	Juliet Stonehelm, Shaman
(@guid+30, 32761, 0, 0, 530, 0, 0, 1, 1, 0, -1857.720458984375, 5438.4296875, -10.380502700805664, 0.893872976303100585, 120, 0, 0, 10080, 8814, 0, 0, 0, 0, '', 46368), --			Claire Littlesun, Warlock
(@guid+31, 32762, 0, 0, 530, 0, 0, 1, 1, 0, -1864.5225830078125, 5440.84912109375, -10.3804836273193359, 1.643712639808654785, 120, 0, 0, 10080, 8814, 0, 0, 0, 0, '', 46368), --	David Hume, Warrior
(@guid+32, 199387, 0, 0, 530, 0, 0, 1, 1, 0, -1861.328125, 5435.1181640625, -9.6221323013305664, 1.327119231224060058, 120, 0, 0, 10080, 8814, 0, 0, 0, 0, '', 46368), --			D3-BA
-- Dalaran City
(@guid+33, 32753, 0, 0, 571, 0, 0, 1, 1, 0, 5847.15185546875, 700.92364501953125, 641.82568359375, 4.154091358184814453, 120, 0, 0, 10080, 8814, 0, 0, 0, 0, '', 46368), --			Lok, Death Knight
(@guid+34, 32754, 0, 0, 571, 0, 0, 1, 1, 0, 5848.41162109375, 698.29168701171875, 642.1324462890625, 2.583908557891845703, 120, 0, 0, 10080, 8814, 0, 0, 0, 0, '', 46368), --		Austeen, Druid
(@guid+35, 32755, 0, 0, 571, 0, 0, 1, 1, 0, 5844.546875, 700.32293701171875, 641.79364013671875, 5.996479034423828125, 120, 0, 0, 10080, 8814, 0, 0, 0, 0, '', 46368), --			Holloway Fjordhammer, Hunter
(@guid+36, 32756, 0, 0, 571, 0, 0, 1, 1, 0, 5845.60400390625, 697.47222900390625, 642.09942626953125, 1.12175750732421875, 120, 0, 0, 10080, 8814, 0, 0, 0, 0, '', 46368), --		Linus Galespin, Mage
(@guid+37, 32757, 0, 0, 571, 0, 0, 1, 1, 0, 5856.330078125, 692.484375, 641.983642578125, 4.542809486389160156, 120, 0, 0, 10080, 8814, 0, 0, 0, 0, '', 46368), --					Harold Dawson, Paladin
(@guid+38, 32758, 0, 0, 571, 0, 0, 1, 1, 0, 5857.94189453125, 690.6649169921875, 642.34002685546875, 2.843793630599975585, 120, 0, 0, 10080, 8814, 0, 0, 0, 0, '', 46368), --		Charlotte Made, Priest
(@guid+39, 32759, 0, 0, 571, 0, 0, 1, 1, 0, 5854.76806640625, 690.9930419921875, 642.32952880859375, 0.083178512752056121, 120, 0, 0, 10080, 8814, 0, 0, 0, 0, '', 46368), --		Libby Waterwheel, Rogue
(@guid+40, 32760, 0, 0, 571, 0, 0, 1, 1, 0, 5859.83154296875, 688.0086669921875, 642.83843994140625, 5.618312358856201171, 120, 0, 0, 10080, 8814, 0, 0, 0, 0, '', 46368), --		Juliet Stonehelm, Shaman
(@guid+41, 32761, 0, 0, 571, 0, 0, 1, 1, 0, 5860.4677734375, 686.12847900390625, 642.986083984375, 0.972814917564392089, 120, 0, 0, 10080, 8814, 0, 0, 0, 0, '', 46368), --			Claire Littlesun, Warlock
(@guid+42, 32762, 0, 0, 571, 0, 0, 1, 1, 0, 5862.2412109375, 687.828125, 642.9351806640625, 3.690017938613891601, 120, 0, 0, 10080, 8814, 0, 0, 0, 0, '', 46368), --				David Hume, Warrior
(@guid+43, 199387, 0, 0, 571, 0, 0, 1, 1, 0, 5840.7041015625, 677.03302001953125, 643.7099609375, 1.111598134040832519, 120, 0, 0, 10080, 8814, 0, 0, 0, 0, '', 46368); --			D3-BA

DELETE FROM `npc_vendor` WHERE `entry` IN (32753, 32754, 32755, 32756, 32757, 32758, 32759, 32760, 32761, 32762, 199387);
INSERT INTO `npc_vendor` (`entry`, `slot`, `item`, `maxcount`, `ExtendedCost`, `VerifiedBuild`) VALUES
(32753, 1, 43533, 0, 0, 46368),
(32753, 2, 43534, 0, 0, 46368),
(32753, 3, 43826, 0, 0, 46368),
(32753, 4, 43535, 0, 0, 46368),
(32753, 5, 43536, 0, 0, 46368),
(32753, 6, 43537, 0, 0, 46368),
(32753, 7, 43671, 0, 0, 46368),
(32753, 8, 43538, 0, 0, 46368),
(32753, 9, 43541, 0, 0, 46368),
(32753, 10, 43827, 0, 0, 46368),
(32753, 11, 43542, 0, 0, 46368),
(32753, 12, 43539, 0, 0, 46368),
(32753, 13, 43543, 0, 0, 46368),
(32753, 14, 43544, 0, 0, 46368),
(32753, 15, 43545, 0, 0, 46368),
(32753, 16, 43546, 0, 0, 46368),
(32753, 17, 43547, 0, 0, 46368),
(32753, 18, 43672, 0, 0, 46368),
(32753, 19, 43548, 0, 0, 46368),
(32753, 20, 43673, 0, 0, 46368),
(32753, 21, 43550, 0, 0, 46368),
(32753, 22, 43825, 0, 0, 46368),
(32753, 23, 43551, 0, 0, 46368),
(32753, 24, 43552, 0, 0, 46368),
(32753, 25, 43553, 0, 0, 46368),
(32753, 26, 43554, 0, 0, 46368),
(32753, 27, 43549, 0, 0, 46368),
(32753, 28, 45799, 0, 0, 46368),
(32753, 29, 45804, 0, 0, 46368),
(32753, 30, 45805, 0, 0, 46368),
(32753, 31, 45806, 0, 0, 46368),
(32753, 32, 45800, 0, 0, 46368),
(32753, 33, 45803, 0, 0, 46368),
(32753, 36, 44876, 0, 2, 46368),
(32753, 37, 44877, 0, 2, 46368),
(32753, 38, 44075, 0, 2, 46368),
(32753, 39, 44875, 0, 2, 46368),
(32753, 40, 44878, 0, 2, 46368),
(32753, 41, 44879, 0, 2, 46368),
(32753, 42, 44069, 0, 2, 46368),
(32753, 43, 41602, 0, 2, 46368),
(32753, 44, 44963, 0, 2, 46368),
(32753, 45, 38373, 0, 2, 46368),
(32753, 46, 44871, 0, 2, 46368),
(32753, 47, 44872, 0, 2, 46368),
(32753, 48, 44957, 0, 2, 46368),
(32753, 49, 44873, 0, 2, 46368),
(32753, 50, 44874, 0, 2, 46368),
(32753, 51, 38374, 0, 2, 46368),
(32753, 52, 41604, 0, 2, 46368),
(32753, 53, 41976, 0, 2, 46368),
(32753, 56, 6265, 0, 2, 46368),
(32753, 57, 34722, 0, 2, 46368),
(32753, 58, 43236, 0, 0, 46368),
(32753, 59, 38376, 0, 0, 46368),
(32753, 60, 44936, 0, 2, 46368),
(32753, 61, 44448, 0, 0, 46368),
(32753, 62, 40105, 0, 2, 46368),
(32753, 63, 40100, 0, 2, 46368),
(32753, 64, 40015, 0, 2, 46368),
(32753, 65, 41396, 0, 2, 46368),
(32753, 66, 40089, 0, 2, 46368),
(32753, 67, 40046, 0, 2, 46368),
(32753, 68, 40038, 0, 2, 46368),
(32753, 69, 40088, 0, 2, 46368),
(32753, 70, 40053, 0, 2, 46368),
(32753, 71, 40094, 0, 2, 46368),
(32753, 72, 41333, 0, 2, 46368),
(32753, 73, 40037, 0, 2, 46368),
(32753, 74, 40040, 0, 2, 46368),
(32753, 75, 41377, 0, 2, 46368),
(32753, 76, 40106, 0, 2, 46368),
(32753, 77, 40051, 0, 2, 46368),
(32753, 78, 41380, 0, 2, 46368),
(32753, 79, 40096, 0, 2, 46368),
(32753, 80, 40091, 0, 2, 46368),
(32753, 81, 40017, 0, 2, 46368),
(32753, 82, 41389, 0, 2, 46368),
(32753, 83, 40002, 0, 2, 46368),
(32753, 84, 40044, 0, 2, 46368),
(32753, 85, 40034, 0, 2, 46368),
(32753, 86, 40052, 0, 2, 46368),
(32753, 87, 41375, 0, 2, 46368),
(32753, 88, 40047, 0, 2, 46368),
(32753, 89, 40092, 0, 2, 46368),
(32753, 90, 41381, 0, 2, 46368),
(32753, 91, 40098, 0, 0, 46368),
(32753, 92, 40001, 0, 2, 46368),
(32753, 93, 41307, 0, 2, 46368),
(32753, 94, 25896, 0, 0, 46368),
(32753, 95, 41382, 0, 2, 46368),
(32753, 96, 41395, 0, 2, 46368),
(32753, 97, 41400, 0, 2, 46368),
(32753, 98, 40008, 0, 2, 46368),
(32753, 99, 40022, 0, 2, 46368),
(32753, 100, 41285, 0, 2, 46368),
(32753, 101, 40016, 0, 2, 46368),
(32753, 102, 41339, 0, 2, 46368),
(32753, 103, 41401, 0, 2, 46368),
(32753, 104, 40031, 0, 2, 46368),
(32753, 105, 40033, 0, 2, 46368),
(32753, 106, 40030, 0, 2, 46368),
(32753, 107, 40013, 0, 2, 46368),
(32753, 108, 40026, 0, 2, 46368),
(32753, 109, 40043, 0, 2, 46368),
(32753, 110, 40086, 0, 2, 46368),
(32753, 111, 40010, 0, 2, 46368),
(32753, 112, 40099, 0, 2, 46368),
(32753, 113, 40059, 0, 2, 46368),
(32753, 114, 40023, 0, 2, 46368),
(32753, 115, 40057, 0, 2, 46368),
(32753, 116, 40027, 0, 2, 46368),
(32753, 117, 41385, 0, 2, 46368),
(32753, 118, 40103, 0, 2, 46368),
(32753, 119, 40095, 0, 2, 46368),
(32753, 120, 40041, 0, 2, 46368),
(32753, 121, 40029, 0, 2, 46368),
(32753, 122, 40039, 0, 2, 46368),
(32753, 123, 39997, 0, 2, 46368),
(32753, 124, 41379, 0, 2, 46368),
(32753, 125, 40024, 0, 2, 46368),
(32753, 126, 40028, 0, 2, 46368),
(32753, 127, 40050, 0, 2, 46368),
(32753, 128, 40009, 0, 2, 46368),
(32753, 129, 40085, 0, 2, 46368),
(32753, 130, 40102, 0, 2, 46368),
(32753, 131, 41398, 0, 2, 46368),
(32753, 132, 41376, 0, 2, 46368),
(32753, 133, 41397, 0, 2, 46368),
(32753, 134, 39996, 0, 2, 46368),
(32753, 135, 40056, 0, 2, 46368),
(32753, 136, 39999, 0, 2, 46368),
(32753, 137, 40014, 0, 2, 46368),
(32753, 138, 40012, 0, 2, 46368),
(32753, 139, 40032, 0, 2, 46368),
(32753, 140, 40101, 0, 2, 46368),
(32753, 141, 39998, 0, 2, 46368),
(32753, 142, 40049, 0, 2, 46368),
(32753, 143, 40025, 0, 2, 46368),
(32753, 144, 40003, 0, 2, 46368),
(32753, 145, 40104, 0, 2, 46368),
(32753, 146, 40045, 0, 2, 46368),
(32753, 147, 40055, 0, 2, 46368),
(32753, 148, 40000, 0, 2, 46368),
(32753, 149, 40090, 0, 2, 46368),
(32753, 150, 40011, 0, 2, 46368),
(32753, 151, 40048, 0, 2, 46368),
(32753, 152, 40054, 0, 2, 46368),
(32753, 153, 40058, 0, 2, 46368),
(32753, 154, 41335, 0, 2, 46368),
(32753, 155, 41378, 0, 2, 46368),
(32753, 156, 38986, 0, 2, 46368),
(32753, 157, 39006, 0, 2, 46368),
(32753, 158, 38997, 0, 2, 46368),
(32753, 159, 39005, 0, 2, 46368),
(32753, 160, 38989, 0, 2, 46368),
(32753, 161, 39003, 0, 2, 46368),
(32753, 162, 38993, 0, 2, 46368),
(32753, 163, 38978, 0, 2, 46368),
(32753, 164, 39004, 0, 2, 46368),
(32753, 165, 38990, 0, 2, 46368),
(32753, 166, 44458, 0, 2, 46368),
(32753, 167, 38979, 0, 2, 46368),
(32753, 168, 38967, 0, 2, 46368),
(32753, 169, 45056, 0, 2, 46368),
(32753, 170, 43987, 0, 2, 46368),
(32753, 171, 38991, 0, 2, 46368),
(32753, 172, 38972, 0, 2, 46368),
(32753, 173, 44467, 0, 2, 46368),
(32753, 174, 38984, 0, 2, 46368),
(32753, 175, 38964, 0, 2, 46368),
(32753, 176, 38995, 0, 2, 46368),
(32753, 177, 38965, 0, 2, 46368),
(32753, 178, 38992, 0, 2, 46368),
(32753, 179, 38976, 0, 2, 46368),
(32753, 180, 38975, 0, 2, 46368),
(32753, 181, 38985, 0, 2, 46368),
(32753, 182, 38988, 0, 2, 46368),
(32753, 183, 38981, 0, 2, 46368),
(32753, 184, 44947, 0, 2, 46368),
(32753, 185, 38987, 0, 2, 46368),
(32753, 186, 38980, 0, 2, 46368),
(32753, 187, 39002, 0, 2, 46368),
(32753, 188, 38959, 0, 2, 46368),
(32753, 189, 38982, 0, 2, 46368),
(32753, 190, 38969, 0, 2, 46368),
(32753, 191, 38950, 0, 2, 46368),
(32753, 192, 38956, 0, 2, 46368),
(32753, 193, 38977, 0, 2, 46368),
(32753, 194, 45060, 0, 0, 46368),
(32753, 195, 46026, 0, 2, 46368),
(32753, 196, 46098, 0, 2, 46368),
(32753, 197, 38963, 0, 2, 46368),
(32753, 198, 44946, 0, 0, 46368),
(32753, 199, 44463, 0, 2, 46368),
(32753, 200, 38955, 0, 2, 46368),
(32753, 201, 44465, 0, 2, 46368),
(32753, 202, 38973, 0, 2, 46368),
(32753, 203, 44493, 0, 2, 46368),
(32753, 204, 44466, 0, 2, 46368),
(32753, 205, 38953, 0, 2, 46368),
(32753, 206, 38966, 0, 2, 46368),
(32753, 207, 38968, 0, 2, 46368),
(32753, 208, 38962, 0, 2, 46368),
(32753, 209, 44457, 0, 2, 46368),
(32753, 210, 44456, 0, 2, 46368),
(32753, 211, 39000, 0, 2, 46368),
(32753, 212, 38960, 0, 0, 46368),
(32753, 213, 44455, 0, 2, 46368),
(32753, 214, 38948, 0, 2, 46368),
(32753, 215, 38925, 0, 2, 46368),
(32753, 216, 38924, 0, 2, 46368),
(32753, 217, 38923, 0, 2, 46368),
(32753, 218, 38910, 0, 2, 46368),
(32753, 219, 38974, 0, 2, 46368),
(32753, 220, 38951, 0, 2, 46368),
(32753, 221, 44497, 0, 2, 46368),
(32753, 222, 38998, 0, 2, 46368),
(32753, 223, 38922, 0, 2, 46368),
(32753, 224, 38944, 0, 2, 46368),
(32753, 225, 38943, 0, 2, 46368),
(32753, 226, 44469, 0, 2, 46368),
(32753, 227, 38903, 0, 2, 46368),
(32753, 228, 38999, 0, 2, 46368),
(32753, 229, 38935, 0, 2, 46368),
(32753, 230, 38932, 0, 2, 46368),
(32753, 231, 38907, 0, 2, 46368),
(32753, 232, 38927, 0, 2, 46368),
(32753, 233, 38926, 0, 2, 46368),
(32753, 234, 44449, 0, 2, 46368),
(32753, 235, 38961, 0, 2, 46368),
(32753, 236, 44470, 0, 2, 46368),
(32753, 237, 44815, 0, 2, 46368),
(32753, 238, 38971, 0, 2, 46368),
(32753, 239, 38912, 0, 2, 46368),
(32753, 240, 39001, 0, 2, 46368),
(32753, 241, 38954, 0, 2, 46368),
(32753, 242, 44453, 0, 2, 46368),
(32753, 243, 40082, 0, 0, 46368),
(32753, 244, 40084, 0, 0, 46368),
(32753, 245, 40404, 0, 0, 46368),
(32753, 246, 33448, 0, 0, 46368),
(32753, 247, 40072, 0, 0, 46368),
(32753, 248, 44939, 0, 0, 46368),
(32753, 249, 40068, 0, 0, 46368),
(32753, 250, 40214, 0, 0, 46368),
(32753, 251, 40215, 0, 0, 46368),
(32753, 252, 40212, 0, 0, 46368),
(32753, 253, 40216, 0, 0, 46368),
(32753, 254, 40076, 0, 0, 46368),
(32753, 255, 40078, 0, 0, 46368),
(32753, 256, 40081, 0, 0, 46368),
(32753, 257, 40213, 0, 0, 46368),
(32753, 258, 40109, 0, 0, 46368),
(32753, 259, 40217, 0, 0, 46368),
(32753, 260, 40079, 0, 0, 46368),
(32753, 261, 40093, 0, 0, 46368),
(32753, 262, 40070, 0, 0, 46368),
(32753, 263, 40073, 0, 0, 46368),
(32753, 264, 40087, 0, 0, 46368),
(32753, 265, 40211, 0, 0, 46368),
(32753, 266, 40097, 0, 0, 46368),
(32753, 267, 40083, 0, 0, 46368),
(32754, 1, 43316, 0, 0, 46368),
(32754, 2, 43334, 0, 0, 46368),
(32754, 3, 43674, 0, 0, 46368),
(32754, 4, 40924, 0, 0, 46368),
(32754, 5, 40896, 0, 0, 46368),
(32754, 6, 40899, 0, 0, 46368),
(32754, 7, 40914, 0, 0, 46368),
(32754, 8, 40920, 0, 0, 46368),
(32754, 9, 40908, 0, 0, 46368),
(32754, 10, 40919, 0, 0, 46368),
(32754, 11, 40915, 0, 0, 46368),
(32754, 12, 40900, 0, 0, 46368),
(32754, 13, 40897, 0, 0, 46368),
(32754, 14, 40923, 0, 0, 46368),
(32754, 15, 40903, 0, 0, 46368),
(32754, 16, 40909, 0, 0, 46368),
(32754, 17, 40912, 0, 0, 46368),
(32754, 18, 40913, 0, 0, 46368),
(32754, 19, 40902, 0, 0, 46368),
(32754, 20, 40901, 0, 0, 46368),
(32754, 21, 40921, 0, 0, 46368),
(32754, 22, 40916, 0, 0, 46368),
(32754, 23, 40906, 0, 0, 46368),
(32754, 24, 43332, 0, 0, 46368),
(32754, 25, 43331, 0, 0, 46368),
(32754, 26, 40922, 0, 0, 46368),
(32754, 27, 43335, 0, 0, 46368),
(32754, 28, 45623, 0, 0, 46368),
(32754, 29, 45601, 0, 0, 46368),
(32754, 30, 45622, 0, 0, 46368),
(32754, 31, 45603, 0, 0, 46368),
(32754, 32, 45604, 0, 0, 46368),
(32754, 33, 45602, 0, 0, 46368),
(32754, 34, 44922, 0, 0, 46368),
(32754, 35, 46372, 0, 0, 46368),
(32754, 36, 44928, 0, 0, 46368),
(32754, 37, 48720, 0, 0, 46368),
(32754, 38, 50125, 0, 0, 46368),
(32754, 41, 44876, 0, 2, 46368),
(32754, 42, 44877, 0, 2, 46368),
(32754, 43, 44075, 0, 2, 46368),
(32754, 44, 44875, 0, 2, 46368),
(32754, 45, 44878, 0, 2, 46368),
(32754, 46, 44879, 0, 2, 46368),
(32754, 47, 44069, 0, 2, 46368),
(32754, 48, 41602, 0, 2, 46368),
(32754, 49, 44963, 0, 2, 46368),
(32754, 50, 38373, 0, 2, 46368),
(32754, 51, 44871, 0, 2, 46368),
(32754, 52, 44872, 0, 2, 46368),
(32754, 53, 44957, 0, 2, 46368),
(32754, 54, 44873, 0, 2, 46368),
(32754, 55, 44874, 0, 2, 46368),
(32754, 56, 38374, 0, 2, 46368),
(32754, 57, 41604, 0, 2, 46368),
(32754, 58, 41976, 0, 2, 46368),
(32754, 61, 6265, 0, 2, 46368),
(32754, 62, 34722, 0, 2, 46368),
(32754, 63, 43236, 0, 0, 46368),
(32754, 64, 38376, 0, 0, 46368),
(32754, 65, 44936, 0, 2, 46368),
(32754, 66, 44448, 0, 0, 46368),
(32754, 67, 40105, 0, 2, 46368),
(32754, 68, 40100, 0, 2, 46368),
(32754, 69, 40015, 0, 2, 46368),
(32754, 70, 41396, 0, 2, 46368),
(32754, 71, 40089, 0, 2, 46368),
(32754, 72, 40046, 0, 2, 46368),
(32754, 73, 40038, 0, 2, 46368),
(32754, 74, 40088, 0, 2, 46368),
(32754, 75, 40053, 0, 2, 46368),
(32754, 76, 40094, 0, 2, 46368),
(32754, 77, 41333, 0, 2, 46368),
(32754, 78, 40037, 0, 2, 46368),
(32754, 79, 40040, 0, 2, 46368),
(32754, 80, 41377, 0, 2, 46368),
(32754, 81, 40106, 0, 2, 46368),
(32754, 82, 40051, 0, 2, 46368),
(32754, 83, 41380, 0, 2, 46368),
(32754, 84, 40096, 0, 2, 46368),
(32754, 85, 40091, 0, 2, 46368),
(32754, 86, 40017, 0, 2, 46368),
(32754, 87, 41389, 0, 2, 46368),
(32754, 88, 40002, 0, 2, 46368),
(32754, 89, 40044, 0, 2, 46368),
(32754, 90, 40034, 0, 2, 46368),
(32754, 91, 40052, 0, 2, 46368),
(32754, 92, 41375, 0, 2, 46368),
(32754, 93, 40047, 0, 2, 46368),
(32754, 94, 40092, 0, 2, 46368),
(32754, 95, 41381, 0, 2, 46368),
(32754, 96, 40098, 0, 0, 46368),
(32754, 97, 40001, 0, 2, 46368),
(32754, 98, 41307, 0, 2, 46368),
(32754, 99, 25896, 0, 0, 46368),
(32754, 100, 41382, 0, 2, 46368),
(32754, 101, 41395, 0, 2, 46368),
(32754, 102, 41400, 0, 2, 46368),
(32754, 103, 40008, 0, 2, 46368),
(32754, 104, 40022, 0, 2, 46368),
(32754, 105, 41285, 0, 2, 46368),
(32754, 106, 40016, 0, 2, 46368),
(32754, 107, 41339, 0, 2, 46368),
(32754, 108, 41401, 0, 2, 46368),
(32754, 109, 40031, 0, 2, 46368),
(32754, 110, 40033, 0, 2, 46368),
(32754, 111, 40030, 0, 2, 46368),
(32754, 112, 40013, 0, 2, 46368),
(32754, 113, 40026, 0, 2, 46368),
(32754, 114, 40043, 0, 2, 46368),
(32754, 115, 40086, 0, 2, 46368),
(32754, 116, 40010, 0, 2, 46368),
(32754, 117, 40099, 0, 2, 46368),
(32754, 118, 40059, 0, 2, 46368),
(32754, 119, 40023, 0, 2, 46368),
(32754, 120, 40057, 0, 2, 46368),
(32754, 121, 40027, 0, 2, 46368),
(32754, 122, 41385, 0, 2, 46368),
(32754, 123, 40103, 0, 2, 46368),
(32754, 124, 40095, 0, 2, 46368),
(32754, 125, 40041, 0, 2, 46368),
(32754, 126, 40029, 0, 2, 46368),
(32754, 127, 40039, 0, 2, 46368),
(32754, 128, 39997, 0, 2, 46368),
(32754, 129, 41379, 0, 2, 46368),
(32754, 130, 40024, 0, 2, 46368),
(32754, 131, 40028, 0, 2, 46368),
(32754, 132, 40050, 0, 2, 46368),
(32754, 133, 40009, 0, 2, 46368),
(32754, 134, 40085, 0, 2, 46368),
(32754, 135, 40102, 0, 2, 46368),
(32754, 136, 41398, 0, 2, 46368),
(32754, 137, 41376, 0, 2, 46368),
(32754, 138, 41397, 0, 2, 46368),
(32754, 139, 39996, 0, 2, 46368),
(32754, 140, 40056, 0, 2, 46368),
(32754, 141, 39999, 0, 2, 46368),
(32754, 142, 40014, 0, 2, 46368),
(32754, 143, 40012, 0, 2, 46368),
(32754, 144, 40032, 0, 2, 46368),
(32754, 145, 40101, 0, 2, 46368),
(32754, 146, 39998, 0, 2, 46368),
(32754, 147, 40049, 0, 2, 46368),
(32754, 148, 40025, 0, 2, 46368),
(32754, 149, 40003, 0, 2, 46368),
(32754, 150, 40104, 0, 2, 46368),
(32754, 151, 40045, 0, 2, 46368),
(32754, 152, 40055, 0, 2, 46368),
(32754, 153, 40000, 0, 2, 46368),
(32754, 154, 40090, 0, 2, 46368),
(32754, 155, 40011, 0, 2, 46368),
(32754, 156, 40048, 0, 2, 46368),
(32754, 157, 40054, 0, 2, 46368),
(32754, 158, 40058, 0, 2, 46368),
(32754, 159, 41335, 0, 2, 46368),
(32754, 160, 41378, 0, 2, 46368),
(32754, 161, 38986, 0, 2, 46368),
(32754, 162, 39006, 0, 2, 46368),
(32754, 163, 38997, 0, 2, 46368),
(32754, 164, 39005, 0, 2, 46368),
(32754, 165, 38989, 0, 2, 46368),
(32754, 166, 39003, 0, 2, 46368),
(32754, 167, 38993, 0, 2, 46368),
(32754, 168, 38978, 0, 2, 46368),
(32754, 169, 39004, 0, 2, 46368),
(32754, 170, 38990, 0, 2, 46368),
(32754, 171, 44458, 0, 2, 46368),
(32754, 172, 38979, 0, 2, 46368),
(32754, 173, 38967, 0, 2, 46368),
(32754, 174, 45056, 0, 2, 46368),
(32754, 175, 43987, 0, 2, 46368),
(32754, 176, 38991, 0, 2, 46368),
(32754, 177, 38972, 0, 2, 46368),
(32754, 178, 44467, 0, 2, 46368),
(32754, 179, 38984, 0, 2, 46368),
(32754, 180, 38964, 0, 2, 46368),
(32754, 181, 38995, 0, 2, 46368),
(32754, 182, 38965, 0, 2, 46368),
(32754, 183, 38992, 0, 2, 46368),
(32754, 184, 38976, 0, 2, 46368),
(32754, 185, 38975, 0, 2, 46368),
(32754, 186, 38985, 0, 2, 46368),
(32754, 187, 38988, 0, 2, 46368),
(32754, 188, 38981, 0, 2, 46368),
(32754, 189, 44947, 0, 2, 46368),
(32754, 190, 38987, 0, 2, 46368),
(32754, 191, 38980, 0, 2, 46368),
(32754, 192, 39002, 0, 2, 46368),
(32754, 193, 38959, 0, 2, 46368),
(32754, 194, 38982, 0, 2, 46368),
(32754, 195, 38969, 0, 2, 46368),
(32754, 196, 38950, 0, 2, 46368),
(32754, 197, 38956, 0, 2, 46368),
(32754, 198, 38977, 0, 2, 46368),
(32754, 199, 45060, 0, 0, 46368),
(32754, 200, 46026, 0, 2, 46368),
(32754, 201, 46098, 0, 2, 46368),
(32754, 202, 38963, 0, 2, 46368),
(32754, 203, 44946, 0, 0, 46368),
(32754, 204, 44463, 0, 2, 46368),
(32754, 205, 38955, 0, 2, 46368),
(32754, 206, 44465, 0, 2, 46368),
(32754, 207, 38973, 0, 2, 46368),
(32754, 208, 44493, 0, 2, 46368),
(32754, 209, 44466, 0, 2, 46368),
(32754, 210, 38953, 0, 2, 46368),
(32754, 211, 38966, 0, 2, 46368),
(32754, 212, 38968, 0, 2, 46368),
(32754, 213, 38962, 0, 2, 46368),
(32754, 214, 44457, 0, 2, 46368),
(32754, 215, 44456, 0, 2, 46368),
(32754, 216, 39000, 0, 2, 46368),
(32754, 217, 38960, 0, 0, 46368),
(32754, 218, 44455, 0, 2, 46368),
(32754, 219, 38948, 0, 2, 46368),
(32754, 220, 38925, 0, 2, 46368),
(32754, 221, 38924, 0, 2, 46368),
(32754, 222, 38923, 0, 2, 46368),
(32754, 223, 38910, 0, 2, 46368),
(32754, 224, 38974, 0, 2, 46368),
(32754, 225, 38951, 0, 2, 46368),
(32754, 226, 44497, 0, 2, 46368),
(32754, 227, 38998, 0, 2, 46368),
(32754, 228, 38922, 0, 2, 46368),
(32754, 229, 38944, 0, 2, 46368),
(32754, 230, 38943, 0, 2, 46368),
(32754, 231, 44469, 0, 2, 46368),
(32754, 232, 38903, 0, 2, 46368),
(32754, 233, 38999, 0, 2, 46368),
(32754, 234, 38935, 0, 2, 46368),
(32754, 235, 38932, 0, 2, 46368),
(32754, 236, 38907, 0, 2, 46368),
(32754, 237, 38927, 0, 2, 46368),
(32754, 238, 38926, 0, 2, 46368),
(32754, 239, 44449, 0, 2, 46368),
(32754, 240, 38961, 0, 2, 46368),
(32754, 241, 44470, 0, 2, 46368),
(32754, 242, 44815, 0, 2, 46368),
(32754, 243, 38971, 0, 2, 46368),
(32754, 244, 38912, 0, 2, 46368),
(32754, 245, 39001, 0, 2, 46368),
(32754, 246, 38954, 0, 2, 46368),
(32754, 247, 44453, 0, 2, 46368),
(32754, 248, 40082, 0, 0, 46368),
(32754, 249, 40084, 0, 0, 46368),
(32754, 250, 40404, 0, 0, 46368),
(32754, 251, 33448, 0, 0, 46368),
(32754, 252, 40072, 0, 0, 46368),
(32754, 253, 44939, 0, 0, 46368),
(32754, 254, 40068, 0, 0, 46368),
(32754, 255, 40214, 0, 0, 46368),
(32754, 256, 40215, 0, 0, 46368),
(32754, 257, 40212, 0, 0, 46368),
(32754, 258, 40216, 0, 0, 46368),
(32754, 259, 40076, 0, 0, 46368),
(32754, 260, 40078, 0, 0, 46368),
(32754, 261, 40081, 0, 0, 46368),
(32754, 262, 40213, 0, 0, 46368),
(32754, 263, 40109, 0, 0, 46368),
(32754, 264, 40217, 0, 0, 46368),
(32754, 265, 40079, 0, 0, 46368),
(32754, 266, 40093, 0, 0, 46368),
(32754, 267, 40070, 0, 0, 46368),
(32754, 268, 40073, 0, 0, 46368),
(32754, 269, 40087, 0, 0, 46368),
(32754, 270, 40211, 0, 0, 46368),
(32754, 271, 40097, 0, 0, 46368),
(32754, 272, 40083, 0, 0, 46368),
(32755, 1, 42897, 0, 0, 46368),
(32755, 2, 42898, 0, 0, 46368),
(32755, 3, 42899, 0, 0, 46368),
(32755, 4, 42900, 0, 0, 46368),
(32755, 5, 42901, 0, 0, 46368),
(32755, 6, 42902, 0, 0, 46368),
(32755, 7, 42903, 0, 0, 46368),
(32755, 8, 42904, 0, 0, 46368),
(32755, 9, 43351, 0, 0, 46368),
(32755, 10, 42905, 0, 0, 46368),
(32755, 11, 42906, 0, 0, 46368),
(32755, 12, 42907, 0, 0, 46368),
(32755, 13, 42908, 0, 0, 46368),
(32755, 14, 42909, 0, 0, 46368),
(32755, 15, 43350, 0, 0, 46368),
(32755, 16, 42910, 0, 0, 46368),
(32755, 17, 43354, 0, 0, 46368),
(32755, 18, 42911, 0, 0, 46368),
(32755, 19, 43338, 0, 0, 46368),
(32755, 20, 43356, 0, 0, 46368),
(32755, 21, 42912, 0, 0, 46368),
(32755, 22, 42913, 0, 0, 46368),
(32755, 23, 42914, 0, 0, 46368),
(32755, 24, 42915, 0, 0, 46368),
(32755, 25, 42916, 0, 0, 46368),
(32755, 26, 42917, 0, 0, 46368),
(32755, 27, 43355, 0, 0, 46368),
(32755, 28, 45625, 0, 0, 46368),
(32755, 29, 45731, 0, 0, 46368),
(32755, 30, 45733, 0, 0, 46368),
(32755, 31, 45732, 0, 0, 46368),
(32755, 32, 45735, 0, 0, 46368),
(32755, 33, 45734, 0, 0, 46368),
(32755, 36, 44876, 0, 2, 46368),
(32755, 37, 44877, 0, 2, 46368),
(32755, 38, 44075, 0, 2, 46368),
(32755, 39, 44875, 0, 2, 46368),
(32755, 40, 44878, 0, 2, 46368),
(32755, 41, 44879, 0, 2, 46368),
(32755, 42, 44069, 0, 2, 46368),
(32755, 43, 41602, 0, 2, 46368),
(32755, 44, 44963, 0, 2, 46368),
(32755, 45, 38373, 0, 2, 46368),
(32755, 46, 44871, 0, 2, 46368),
(32755, 47, 44872, 0, 2, 46368),
(32755, 48, 44957, 0, 2, 46368),
(32755, 49, 44873, 0, 2, 46368),
(32755, 50, 44874, 0, 2, 46368),
(32755, 51, 38374, 0, 2, 46368),
(32755, 52, 41604, 0, 2, 46368),
(32755, 53, 41976, 0, 2, 46368),
(32755, 56, 6265, 0, 2, 46368),
(32755, 57, 34722, 0, 2, 46368),
(32755, 58, 43236, 0, 0, 46368),
(32755, 59, 38376, 0, 0, 46368),
(32755, 60, 44936, 0, 2, 46368),
(32755, 61, 44448, 0, 0, 46368),
(32755, 62, 40105, 0, 2, 46368),
(32755, 63, 40100, 0, 2, 46368),
(32755, 64, 40015, 0, 2, 46368),
(32755, 65, 41396, 0, 2, 46368),
(32755, 66, 40089, 0, 2, 46368),
(32755, 67, 40046, 0, 2, 46368),
(32755, 68, 40038, 0, 2, 46368),
(32755, 69, 40088, 0, 2, 46368),
(32755, 70, 40053, 0, 2, 46368),
(32755, 71, 40094, 0, 2, 46368),
(32755, 72, 41333, 0, 2, 46368),
(32755, 73, 40037, 0, 2, 46368),
(32755, 74, 40040, 0, 2, 46368),
(32755, 75, 41377, 0, 2, 46368),
(32755, 76, 40106, 0, 2, 46368),
(32755, 77, 40051, 0, 2, 46368),
(32755, 78, 41380, 0, 2, 46368),
(32755, 79, 40096, 0, 2, 46368),
(32755, 80, 40091, 0, 2, 46368),
(32755, 81, 40017, 0, 2, 46368),
(32755, 82, 41389, 0, 2, 46368),
(32755, 83, 40002, 0, 2, 46368),
(32755, 84, 40044, 0, 2, 46368),
(32755, 85, 40034, 0, 2, 46368),
(32755, 86, 40052, 0, 2, 46368),
(32755, 87, 41375, 0, 2, 46368),
(32755, 88, 40047, 0, 2, 46368),
(32755, 89, 40092, 0, 2, 46368),
(32755, 90, 41381, 0, 2, 46368),
(32755, 91, 40098, 0, 0, 46368),
(32755, 92, 40001, 0, 2, 46368),
(32755, 93, 41307, 0, 2, 46368),
(32755, 94, 25896, 0, 0, 46368),
(32755, 95, 41382, 0, 2, 46368),
(32755, 96, 41395, 0, 2, 46368),
(32755, 97, 41400, 0, 2, 46368),
(32755, 98, 40008, 0, 2, 46368),
(32755, 99, 40022, 0, 2, 46368),
(32755, 100, 41285, 0, 2, 46368),
(32755, 101, 40016, 0, 2, 46368),
(32755, 102, 41339, 0, 2, 46368),
(32755, 103, 41401, 0, 2, 46368),
(32755, 104, 40031, 0, 2, 46368),
(32755, 105, 40033, 0, 2, 46368),
(32755, 106, 40030, 0, 2, 46368),
(32755, 107, 40013, 0, 2, 46368),
(32755, 108, 40026, 0, 2, 46368),
(32755, 109, 40043, 0, 2, 46368),
(32755, 110, 40086, 0, 2, 46368),
(32755, 111, 40010, 0, 2, 46368),
(32755, 112, 40099, 0, 2, 46368),
(32755, 113, 40059, 0, 2, 46368),
(32755, 114, 40023, 0, 2, 46368),
(32755, 115, 40057, 0, 2, 46368),
(32755, 116, 40027, 0, 2, 46368),
(32755, 117, 41385, 0, 2, 46368),
(32755, 118, 40103, 0, 2, 46368),
(32755, 119, 40095, 0, 2, 46368),
(32755, 120, 40041, 0, 2, 46368),
(32755, 121, 40029, 0, 2, 46368),
(32755, 122, 40039, 0, 2, 46368),
(32755, 123, 39997, 0, 2, 46368),
(32755, 124, 41379, 0, 2, 46368),
(32755, 125, 40024, 0, 2, 46368),
(32755, 126, 40028, 0, 2, 46368),
(32755, 127, 40050, 0, 2, 46368),
(32755, 128, 40009, 0, 2, 46368),
(32755, 129, 40085, 0, 2, 46368),
(32755, 130, 40102, 0, 2, 46368),
(32755, 131, 41398, 0, 2, 46368),
(32755, 132, 41376, 0, 2, 46368),
(32755, 133, 41397, 0, 2, 46368),
(32755, 134, 39996, 0, 2, 46368),
(32755, 135, 40056, 0, 2, 46368),
(32755, 136, 39999, 0, 2, 46368),
(32755, 137, 40014, 0, 2, 46368),
(32755, 138, 40012, 0, 2, 46368),
(32755, 139, 40032, 0, 2, 46368),
(32755, 140, 40101, 0, 2, 46368),
(32755, 141, 39998, 0, 2, 46368),
(32755, 142, 40049, 0, 2, 46368),
(32755, 143, 40025, 0, 2, 46368),
(32755, 144, 40003, 0, 2, 46368),
(32755, 145, 40104, 0, 2, 46368),
(32755, 146, 40045, 0, 2, 46368),
(32755, 147, 40055, 0, 2, 46368),
(32755, 148, 40000, 0, 2, 46368),
(32755, 149, 40090, 0, 2, 46368),
(32755, 150, 40011, 0, 2, 46368),
(32755, 151, 40048, 0, 2, 46368),
(32755, 152, 40054, 0, 2, 46368),
(32755, 153, 40058, 0, 2, 46368),
(32755, 154, 41335, 0, 2, 46368),
(32755, 155, 41378, 0, 2, 46368),
(32755, 156, 38986, 0, 2, 46368),
(32755, 157, 39006, 0, 2, 46368),
(32755, 158, 38997, 0, 2, 46368),
(32755, 159, 39005, 0, 2, 46368),
(32755, 160, 38989, 0, 2, 46368),
(32755, 161, 39003, 0, 2, 46368),
(32755, 162, 38993, 0, 2, 46368),
(32755, 163, 38978, 0, 2, 46368),
(32755, 164, 39004, 0, 2, 46368),
(32755, 165, 38990, 0, 2, 46368),
(32755, 166, 44458, 0, 2, 46368),
(32755, 167, 38979, 0, 2, 46368),
(32755, 168, 38967, 0, 2, 46368),
(32755, 169, 45056, 0, 2, 46368),
(32755, 170, 43987, 0, 2, 46368),
(32755, 171, 38991, 0, 2, 46368),
(32755, 172, 38972, 0, 2, 46368),
(32755, 173, 44467, 0, 2, 46368),
(32755, 174, 38984, 0, 2, 46368),
(32755, 175, 38964, 0, 2, 46368),
(32755, 176, 38995, 0, 2, 46368),
(32755, 177, 38965, 0, 2, 46368),
(32755, 178, 38992, 0, 2, 46368),
(32755, 179, 38976, 0, 2, 46368),
(32755, 180, 38975, 0, 2, 46368),
(32755, 181, 38985, 0, 2, 46368),
(32755, 182, 38988, 0, 2, 46368),
(32755, 183, 38981, 0, 2, 46368),
(32755, 184, 44947, 0, 2, 46368),
(32755, 185, 38987, 0, 2, 46368),
(32755, 186, 38980, 0, 2, 46368),
(32755, 187, 39002, 0, 2, 46368),
(32755, 188, 38959, 0, 2, 46368),
(32755, 189, 38982, 0, 2, 46368),
(32755, 190, 38969, 0, 2, 46368),
(32755, 191, 38950, 0, 2, 46368),
(32755, 192, 38956, 0, 2, 46368),
(32755, 193, 38977, 0, 2, 46368),
(32755, 194, 45060, 0, 0, 46368),
(32755, 195, 46026, 0, 2, 46368),
(32755, 196, 46098, 0, 2, 46368),
(32755, 197, 38963, 0, 2, 46368),
(32755, 198, 44946, 0, 0, 46368),
(32755, 199, 44463, 0, 2, 46368),
(32755, 200, 38955, 0, 2, 46368),
(32755, 201, 44465, 0, 2, 46368),
(32755, 202, 38973, 0, 2, 46368),
(32755, 203, 44493, 0, 2, 46368),
(32755, 204, 44466, 0, 2, 46368),
(32755, 205, 38953, 0, 2, 46368),
(32755, 206, 38966, 0, 2, 46368),
(32755, 207, 38968, 0, 2, 46368),
(32755, 208, 38962, 0, 2, 46368),
(32755, 209, 44457, 0, 2, 46368),
(32755, 210, 44456, 0, 2, 46368),
(32755, 211, 39000, 0, 2, 46368),
(32755, 212, 38960, 0, 0, 46368),
(32755, 213, 44455, 0, 2, 46368),
(32755, 214, 38948, 0, 2, 46368),
(32755, 215, 38925, 0, 2, 46368),
(32755, 216, 38924, 0, 2, 46368),
(32755, 217, 38923, 0, 2, 46368),
(32755, 218, 38910, 0, 2, 46368),
(32755, 219, 38974, 0, 2, 46368),
(32755, 220, 38951, 0, 2, 46368),
(32755, 221, 44497, 0, 2, 46368),
(32755, 222, 38998, 0, 2, 46368),
(32755, 223, 38922, 0, 2, 46368),
(32755, 224, 38944, 0, 2, 46368),
(32755, 225, 38943, 0, 2, 46368),
(32755, 226, 44469, 0, 2, 46368),
(32755, 227, 38903, 0, 2, 46368),
(32755, 228, 38999, 0, 2, 46368),
(32755, 229, 38935, 0, 2, 46368),
(32755, 230, 38932, 0, 2, 46368),
(32755, 231, 38907, 0, 2, 46368),
(32755, 232, 38927, 0, 2, 46368),
(32755, 233, 38926, 0, 2, 46368),
(32755, 234, 44449, 0, 2, 46368),
(32755, 235, 38961, 0, 2, 46368),
(32755, 236, 44470, 0, 2, 46368),
(32755, 237, 44815, 0, 2, 46368),
(32755, 238, 38971, 0, 2, 46368),
(32755, 239, 38912, 0, 2, 46368),
(32755, 240, 39001, 0, 2, 46368),
(32755, 241, 38954, 0, 2, 46368),
(32755, 242, 44453, 0, 2, 46368),
(32755, 243, 40082, 0, 0, 46368),
(32755, 244, 40084, 0, 0, 46368),
(32755, 245, 40404, 0, 0, 46368),
(32755, 246, 33448, 0, 0, 46368),
(32755, 247, 40072, 0, 0, 46368),
(32755, 248, 44939, 0, 0, 46368),
(32755, 249, 40068, 0, 0, 46368),
(32755, 250, 40214, 0, 0, 46368),
(32755, 251, 40215, 0, 0, 46368),
(32755, 252, 40212, 0, 0, 46368),
(32755, 253, 40216, 0, 0, 46368),
(32755, 254, 40076, 0, 0, 46368),
(32755, 255, 40078, 0, 0, 46368),
(32755, 256, 40081, 0, 0, 46368),
(32755, 257, 40213, 0, 0, 46368),
(32755, 258, 40109, 0, 0, 46368),
(32755, 259, 40217, 0, 0, 46368),
(32755, 260, 40079, 0, 0, 46368),
(32755, 261, 40093, 0, 0, 46368),
(32755, 262, 40070, 0, 0, 46368),
(32755, 263, 40073, 0, 0, 46368),
(32755, 264, 40087, 0, 0, 46368),
(32755, 265, 40211, 0, 0, 46368),
(32755, 266, 40097, 0, 0, 46368),
(32755, 267, 40083, 0, 0, 46368),
(32756, 1, 42734, 0, 0, 46368),
(32756, 2, 43339, 0, 0, 46368),
(32756, 3, 42735, 0, 0, 46368),
(32756, 4, 42736, 0, 0, 46368),
(32756, 5, 42737, 0, 0, 46368),
(32756, 6, 42738, 0, 0, 46368),
(32756, 7, 42740, 0, 0, 46368),
(32756, 8, 43357, 0, 0, 46368),
(32756, 9, 42739, 0, 0, 46368),
(32756, 10, 43359, 0, 0, 46368),
(32756, 11, 42741, 0, 0, 46368),
(32756, 12, 43360, 0, 0, 46368),
(32756, 13, 42742, 0, 0, 46368),
(32756, 14, 44684, 0, 0, 46368),
(32756, 15, 42743, 0, 0, 46368),
(32756, 16, 42744, 0, 0, 46368),
(32756, 17, 42745, 0, 0, 46368),
(32756, 18, 42746, 0, 0, 46368),
(32756, 19, 42747, 0, 0, 46368),
(32756, 20, 42748, 0, 0, 46368),
(32756, 21, 42749, 0, 0, 46368),
(32756, 22, 42750, 0, 0, 46368),
(32756, 23, 42751, 0, 0, 46368),
(32756, 24, 42752, 0, 0, 46368),
(32756, 25, 42753, 0, 0, 46368),
(32756, 26, 43364, 0, 0, 46368),
(32756, 27, 42754, 0, 0, 46368),
(32756, 28, 43361, 0, 0, 46368),
(32756, 29, 45738, 0, 0, 46368),
(32756, 30, 45736, 0, 0, 46368),
(32756, 31, 45740, 0, 0, 46368),
(32756, 32, 45737, 0, 0, 46368),
(32756, 33, 45739, 0, 0, 46368),
(32756, 34, 44920, 0, 0, 46368),
(32756, 35, 44955, 0, 0, 46368),
(32756, 36, 50045, 0, 0, 46368),
(32756, 39, 44876, 0, 2, 46368),
(32756, 40, 44877, 0, 2, 46368),
(32756, 41, 44075, 0, 2, 46368),
(32756, 42, 44875, 0, 2, 46368),
(32756, 43, 44878, 0, 2, 46368),
(32756, 44, 44879, 0, 2, 46368),
(32756, 45, 44069, 0, 2, 46368),
(32756, 46, 41602, 0, 2, 46368),
(32756, 47, 44963, 0, 2, 46368),
(32756, 48, 38373, 0, 2, 46368),
(32756, 49, 44871, 0, 2, 46368),
(32756, 50, 44872, 0, 2, 46368),
(32756, 51, 44957, 0, 2, 46368),
(32756, 52, 44873, 0, 2, 46368),
(32756, 53, 44874, 0, 2, 46368),
(32756, 54, 38374, 0, 2, 46368),
(32756, 55, 41604, 0, 2, 46368),
(32756, 56, 41976, 0, 2, 46368),
(32756, 59, 6265, 0, 2, 46368),
(32756, 60, 34722, 0, 2, 46368),
(32756, 61, 43236, 0, 0, 46368),
(32756, 62, 38376, 0, 0, 46368),
(32756, 63, 44936, 0, 2, 46368),
(32756, 64, 44448, 0, 0, 46368),
(32756, 65, 40105, 0, 2, 46368),
(32756, 66, 40100, 0, 2, 46368),
(32756, 67, 40015, 0, 2, 46368),
(32756, 68, 41396, 0, 2, 46368),
(32756, 69, 40089, 0, 2, 46368),
(32756, 70, 40046, 0, 2, 46368),
(32756, 71, 40038, 0, 2, 46368),
(32756, 72, 40088, 0, 2, 46368),
(32756, 73, 40053, 0, 2, 46368),
(32756, 74, 40094, 0, 2, 46368),
(32756, 75, 41333, 0, 2, 46368),
(32756, 76, 40037, 0, 2, 46368),
(32756, 77, 40040, 0, 2, 46368),
(32756, 78, 41377, 0, 2, 46368),
(32756, 79, 40106, 0, 2, 46368),
(32756, 80, 40051, 0, 2, 46368),
(32756, 81, 41380, 0, 2, 46368),
(32756, 82, 40096, 0, 2, 46368),
(32756, 83, 40091, 0, 2, 46368),
(32756, 84, 40017, 0, 2, 46368),
(32756, 85, 41389, 0, 2, 46368),
(32756, 86, 40002, 0, 2, 46368),
(32756, 87, 40044, 0, 2, 46368),
(32756, 88, 40034, 0, 2, 46368),
(32756, 89, 40052, 0, 2, 46368),
(32756, 90, 41375, 0, 2, 46368),
(32756, 91, 40047, 0, 2, 46368),
(32756, 92, 40092, 0, 2, 46368),
(32756, 93, 41381, 0, 2, 46368),
(32756, 94, 40098, 0, 0, 46368),
(32756, 95, 40001, 0, 2, 46368),
(32756, 96, 41307, 0, 2, 46368),
(32756, 97, 25896, 0, 0, 46368),
(32756, 98, 41382, 0, 2, 46368),
(32756, 99, 41395, 0, 2, 46368),
(32756, 100, 41400, 0, 2, 46368),
(32756, 101, 40008, 0, 2, 46368),
(32756, 102, 40022, 0, 2, 46368),
(32756, 103, 41285, 0, 2, 46368),
(32756, 104, 40016, 0, 2, 46368),
(32756, 105, 41339, 0, 2, 46368),
(32756, 106, 41401, 0, 2, 46368),
(32756, 107, 40031, 0, 2, 46368),
(32756, 108, 40033, 0, 2, 46368),
(32756, 109, 40030, 0, 2, 46368),
(32756, 110, 40013, 0, 2, 46368),
(32756, 111, 40026, 0, 2, 46368),
(32756, 112, 40043, 0, 2, 46368),
(32756, 113, 40086, 0, 2, 46368),
(32756, 114, 40010, 0, 2, 46368),
(32756, 115, 40099, 0, 2, 46368),
(32756, 116, 40059, 0, 2, 46368),
(32756, 117, 40023, 0, 2, 46368),
(32756, 118, 40057, 0, 2, 46368),
(32756, 119, 40027, 0, 2, 46368),
(32756, 120, 41385, 0, 2, 46368),
(32756, 121, 40103, 0, 2, 46368),
(32756, 122, 40095, 0, 2, 46368),
(32756, 123, 40041, 0, 2, 46368),
(32756, 124, 40029, 0, 2, 46368),
(32756, 125, 40039, 0, 2, 46368),
(32756, 126, 39997, 0, 2, 46368),
(32756, 127, 41379, 0, 2, 46368),
(32756, 128, 40024, 0, 2, 46368),
(32756, 129, 40028, 0, 2, 46368),
(32756, 130, 40050, 0, 2, 46368),
(32756, 131, 40009, 0, 2, 46368),
(32756, 132, 40085, 0, 2, 46368),
(32756, 133, 40102, 0, 2, 46368),
(32756, 134, 41398, 0, 2, 46368),
(32756, 135, 41376, 0, 2, 46368),
(32756, 136, 41397, 0, 2, 46368),
(32756, 137, 39996, 0, 2, 46368),
(32756, 138, 40056, 0, 2, 46368),
(32756, 139, 39999, 0, 2, 46368),
(32756, 140, 40014, 0, 2, 46368),
(32756, 141, 40012, 0, 2, 46368),
(32756, 142, 40032, 0, 2, 46368),
(32756, 143, 40101, 0, 2, 46368),
(32756, 144, 39998, 0, 2, 46368),
(32756, 145, 40049, 0, 2, 46368),
(32756, 146, 40025, 0, 2, 46368),
(32756, 147, 40003, 0, 2, 46368),
(32756, 148, 40104, 0, 2, 46368),
(32756, 149, 40045, 0, 2, 46368),
(32756, 150, 40055, 0, 2, 46368),
(32756, 151, 40000, 0, 2, 46368),
(32756, 152, 40090, 0, 2, 46368),
(32756, 153, 40011, 0, 2, 46368),
(32756, 154, 40048, 0, 2, 46368),
(32756, 155, 40054, 0, 2, 46368),
(32756, 156, 40058, 0, 2, 46368),
(32756, 157, 41335, 0, 2, 46368),
(32756, 158, 41378, 0, 2, 46368),
(32756, 159, 38986, 0, 2, 46368),
(32756, 160, 39006, 0, 2, 46368),
(32756, 161, 38997, 0, 2, 46368),
(32756, 162, 39005, 0, 2, 46368),
(32756, 163, 38989, 0, 2, 46368),
(32756, 164, 39003, 0, 2, 46368),
(32756, 165, 38993, 0, 2, 46368),
(32756, 166, 38978, 0, 2, 46368),
(32756, 167, 39004, 0, 2, 46368),
(32756, 168, 38990, 0, 2, 46368),
(32756, 169, 44458, 0, 2, 46368),
(32756, 170, 38979, 0, 2, 46368),
(32756, 171, 38967, 0, 2, 46368),
(32756, 172, 45056, 0, 2, 46368),
(32756, 173, 43987, 0, 2, 46368),
(32756, 174, 38991, 0, 2, 46368),
(32756, 175, 38972, 0, 2, 46368),
(32756, 176, 44467, 0, 2, 46368),
(32756, 177, 38984, 0, 2, 46368),
(32756, 178, 38964, 0, 2, 46368),
(32756, 179, 38995, 0, 2, 46368),
(32756, 180, 38965, 0, 2, 46368),
(32756, 181, 38992, 0, 2, 46368),
(32756, 182, 38976, 0, 2, 46368),
(32756, 183, 38975, 0, 2, 46368),
(32756, 184, 38985, 0, 2, 46368),
(32756, 185, 38988, 0, 2, 46368),
(32756, 186, 38981, 0, 2, 46368),
(32756, 187, 44947, 0, 2, 46368),
(32756, 188, 38987, 0, 2, 46368),
(32756, 189, 38980, 0, 2, 46368),
(32756, 190, 39002, 0, 2, 46368),
(32756, 191, 38959, 0, 2, 46368),
(32756, 192, 38982, 0, 2, 46368),
(32756, 193, 38969, 0, 2, 46368),
(32756, 194, 38950, 0, 2, 46368),
(32756, 195, 38956, 0, 2, 46368),
(32756, 196, 38977, 0, 2, 46368),
(32756, 197, 45060, 0, 0, 46368),
(32756, 198, 46026, 0, 2, 46368),
(32756, 199, 46098, 0, 2, 46368),
(32756, 200, 38963, 0, 2, 46368),
(32756, 201, 44946, 0, 0, 46368),
(32756, 202, 44463, 0, 2, 46368),
(32756, 203, 38955, 0, 2, 46368),
(32756, 204, 44465, 0, 2, 46368),
(32756, 205, 38973, 0, 2, 46368),
(32756, 206, 44493, 0, 2, 46368),
(32756, 207, 44466, 0, 2, 46368),
(32756, 208, 38953, 0, 2, 46368),
(32756, 209, 38966, 0, 2, 46368),
(32756, 210, 38968, 0, 2, 46368),
(32756, 211, 38962, 0, 2, 46368),
(32756, 212, 44457, 0, 2, 46368),
(32756, 213, 44456, 0, 2, 46368),
(32756, 214, 39000, 0, 2, 46368),
(32756, 215, 38960, 0, 0, 46368),
(32756, 216, 44455, 0, 2, 46368),
(32756, 217, 38948, 0, 2, 46368),
(32756, 218, 38925, 0, 2, 46368),
(32756, 219, 38924, 0, 2, 46368),
(32756, 220, 38923, 0, 2, 46368),
(32756, 221, 38910, 0, 2, 46368),
(32756, 222, 38974, 0, 2, 46368),
(32756, 223, 38951, 0, 2, 46368),
(32756, 224, 44497, 0, 2, 46368),
(32756, 225, 38998, 0, 2, 46368),
(32756, 226, 38922, 0, 2, 46368),
(32756, 227, 38944, 0, 2, 46368),
(32756, 228, 38943, 0, 2, 46368),
(32756, 229, 44469, 0, 2, 46368),
(32756, 230, 38903, 0, 2, 46368),
(32756, 231, 38999, 0, 2, 46368),
(32756, 232, 38935, 0, 2, 46368),
(32756, 233, 38932, 0, 2, 46368),
(32756, 234, 38907, 0, 2, 46368),
(32756, 235, 38927, 0, 2, 46368),
(32756, 236, 38926, 0, 2, 46368),
(32756, 237, 44449, 0, 2, 46368),
(32756, 238, 38961, 0, 2, 46368),
(32756, 239, 44470, 0, 2, 46368),
(32756, 240, 44815, 0, 2, 46368),
(32756, 241, 38971, 0, 2, 46368),
(32756, 242, 38912, 0, 2, 46368),
(32756, 243, 39001, 0, 2, 46368),
(32756, 244, 38954, 0, 2, 46368),
(32756, 245, 44453, 0, 2, 46368),
(32756, 246, 40082, 0, 0, 46368),
(32756, 247, 40084, 0, 0, 46368),
(32756, 248, 40404, 0, 0, 46368),
(32756, 249, 33448, 0, 0, 46368),
(32756, 250, 40072, 0, 0, 46368),
(32756, 251, 44939, 0, 0, 46368),
(32756, 252, 40068, 0, 0, 46368),
(32756, 253, 40214, 0, 0, 46368),
(32756, 254, 40215, 0, 0, 46368),
(32756, 255, 40212, 0, 0, 46368),
(32756, 256, 40216, 0, 0, 46368),
(32756, 257, 40076, 0, 0, 46368),
(32756, 258, 40078, 0, 0, 46368),
(32756, 259, 40081, 0, 0, 46368),
(32756, 260, 40213, 0, 0, 46368),
(32756, 261, 40109, 0, 0, 46368),
(32756, 262, 40217, 0, 0, 46368),
(32756, 263, 40079, 0, 0, 46368),
(32756, 264, 40093, 0, 0, 46368),
(32756, 265, 40070, 0, 0, 46368),
(32756, 266, 40073, 0, 0, 46368),
(32756, 267, 40087, 0, 0, 46368),
(32756, 268, 40211, 0, 0, 46368),
(32756, 269, 40097, 0, 0, 46368),
(32756, 270, 40083, 0, 0, 46368),
(32757, 1, 41101, 0, 0, 46368),
(32757, 2, 41107, 0, 0, 46368),
(32757, 3, 43365, 0, 0, 46368),
(32757, 4, 43340, 0, 0, 46368),
(32757, 5, 43366, 0, 0, 46368),
(32757, 6, 41104, 0, 0, 46368),
(32757, 7, 41099, 0, 0, 46368),
(32757, 8, 41098, 0, 0, 46368),
(32757, 9, 41108, 0, 0, 46368),
(32757, 10, 41103, 0, 0, 46368),
(32757, 11, 41105, 0, 0, 46368),
(32757, 12, 41095, 0, 0, 46368),
(32757, 13, 41097, 0, 0, 46368),
(32757, 14, 41106, 0, 0, 46368),
(32757, 15, 41092, 0, 0, 46368),
(32757, 16, 43367, 0, 0, 46368),
(32757, 17, 41100, 0, 0, 46368),
(32757, 18, 43867, 0, 0, 46368),
(32757, 19, 41094, 0, 0, 46368),
(32757, 20, 41110, 0, 0, 46368),
(32757, 21, 43868, 0, 0, 46368),
(32757, 22, 43869, 0, 0, 46368),
(32757, 23, 41109, 0, 0, 46368),
(32757, 24, 43368, 0, 0, 46368),
(32757, 25, 41096, 0, 0, 46368),
(32757, 26, 41102, 0, 0, 46368),
(32757, 27, 43369, 0, 0, 46368),
(32757, 28, 45741, 0, 0, 46368),
(32757, 29, 45745, 0, 0, 46368),
(32757, 30, 45743, 0, 0, 46368),
(32757, 31, 45742, 0, 0, 46368),
(32757, 32, 45747, 0, 0, 46368),
(32757, 33, 45746, 0, 0, 46368),
(32757, 34, 45744, 0, 0, 46368),
(32757, 37, 44876, 0, 2, 46368),
(32757, 38, 44877, 0, 2, 46368),
(32757, 39, 44075, 0, 2, 46368),
(32757, 40, 44875, 0, 2, 46368),
(32757, 41, 44878, 0, 2, 46368),
(32757, 42, 44879, 0, 2, 46368),
(32757, 43, 44069, 0, 2, 46368),
(32757, 44, 41602, 0, 2, 46368),
(32757, 45, 44963, 0, 2, 46368),
(32757, 46, 38373, 0, 2, 46368),
(32757, 47, 44871, 0, 2, 46368),
(32757, 48, 44872, 0, 2, 46368),
(32757, 49, 44957, 0, 2, 46368),
(32757, 50, 44873, 0, 2, 46368),
(32757, 51, 44874, 0, 2, 46368),
(32757, 52, 38374, 0, 2, 46368),
(32757, 53, 41604, 0, 2, 46368),
(32757, 54, 41976, 0, 2, 46368),
(32757, 57, 6265, 0, 2, 46368),
(32757, 58, 34722, 0, 2, 46368),
(32757, 59, 43236, 0, 0, 46368),
(32757, 60, 38376, 0, 0, 46368),
(32757, 61, 44936, 0, 2, 46368),
(32757, 62, 44448, 0, 0, 46368),
(32757, 63, 40105, 0, 2, 46368),
(32757, 64, 40100, 0, 2, 46368),
(32757, 65, 40015, 0, 2, 46368),
(32757, 66, 41396, 0, 2, 46368),
(32757, 67, 40089, 0, 2, 46368),
(32757, 68, 40046, 0, 2, 46368),
(32757, 69, 40038, 0, 2, 46368),
(32757, 70, 40088, 0, 2, 46368),
(32757, 71, 40053, 0, 2, 46368),
(32757, 72, 40094, 0, 2, 46368),
(32757, 73, 41333, 0, 2, 46368),
(32757, 74, 40037, 0, 2, 46368),
(32757, 75, 40040, 0, 2, 46368),
(32757, 76, 41377, 0, 2, 46368),
(32757, 77, 40106, 0, 2, 46368),
(32757, 78, 40051, 0, 2, 46368),
(32757, 79, 41380, 0, 2, 46368),
(32757, 80, 40096, 0, 2, 46368),
(32757, 81, 40091, 0, 2, 46368),
(32757, 82, 40017, 0, 2, 46368),
(32757, 83, 41389, 0, 2, 46368),
(32757, 84, 40002, 0, 2, 46368),
(32757, 85, 40044, 0, 2, 46368),
(32757, 86, 40034, 0, 2, 46368),
(32757, 87, 40052, 0, 2, 46368),
(32757, 88, 41375, 0, 2, 46368),
(32757, 89, 40047, 0, 2, 46368),
(32757, 90, 40092, 0, 2, 46368),
(32757, 91, 41381, 0, 2, 46368),
(32757, 92, 40098, 0, 0, 46368),
(32757, 93, 40001, 0, 2, 46368),
(32757, 94, 41307, 0, 2, 46368),
(32757, 95, 25896, 0, 0, 46368),
(32757, 96, 41382, 0, 2, 46368),
(32757, 97, 41395, 0, 2, 46368),
(32757, 98, 41400, 0, 2, 46368),
(32757, 99, 40008, 0, 2, 46368),
(32757, 100, 40022, 0, 2, 46368),
(32757, 101, 41285, 0, 2, 46368),
(32757, 102, 40016, 0, 2, 46368),
(32757, 103, 41339, 0, 2, 46368),
(32757, 104, 41401, 0, 2, 46368),
(32757, 105, 40031, 0, 2, 46368),
(32757, 106, 40033, 0, 2, 46368),
(32757, 107, 40030, 0, 2, 46368),
(32757, 108, 40013, 0, 2, 46368),
(32757, 109, 40026, 0, 2, 46368),
(32757, 110, 40043, 0, 2, 46368),
(32757, 111, 40086, 0, 2, 46368),
(32757, 112, 40010, 0, 2, 46368),
(32757, 113, 40099, 0, 2, 46368),
(32757, 114, 40059, 0, 2, 46368),
(32757, 115, 40023, 0, 2, 46368),
(32757, 116, 40057, 0, 2, 46368),
(32757, 117, 40027, 0, 2, 46368),
(32757, 118, 41385, 0, 2, 46368),
(32757, 119, 40103, 0, 2, 46368),
(32757, 120, 40095, 0, 2, 46368),
(32757, 121, 40041, 0, 2, 46368),
(32757, 122, 40029, 0, 2, 46368),
(32757, 123, 40039, 0, 2, 46368),
(32757, 124, 39997, 0, 2, 46368),
(32757, 125, 41379, 0, 2, 46368),
(32757, 126, 40024, 0, 2, 46368),
(32757, 127, 40028, 0, 2, 46368),
(32757, 128, 40050, 0, 2, 46368),
(32757, 129, 40009, 0, 2, 46368),
(32757, 130, 40085, 0, 2, 46368),
(32757, 131, 40102, 0, 2, 46368),
(32757, 132, 41398, 0, 2, 46368),
(32757, 133, 41376, 0, 2, 46368),
(32757, 134, 41397, 0, 2, 46368),
(32757, 135, 39996, 0, 2, 46368),
(32757, 136, 40056, 0, 2, 46368),
(32757, 137, 39999, 0, 2, 46368),
(32757, 138, 40014, 0, 2, 46368),
(32757, 139, 40012, 0, 2, 46368),
(32757, 140, 40032, 0, 2, 46368),
(32757, 141, 40101, 0, 2, 46368),
(32757, 142, 39998, 0, 2, 46368),
(32757, 143, 40049, 0, 2, 46368),
(32757, 144, 40025, 0, 2, 46368),
(32757, 145, 40003, 0, 2, 46368),
(32757, 146, 40104, 0, 2, 46368),
(32757, 147, 40045, 0, 2, 46368),
(32757, 148, 40055, 0, 2, 46368),
(32757, 149, 40000, 0, 2, 46368),
(32757, 150, 40090, 0, 2, 46368),
(32757, 151, 40011, 0, 2, 46368),
(32757, 152, 40048, 0, 2, 46368),
(32757, 153, 40054, 0, 2, 46368),
(32757, 154, 40058, 0, 2, 46368),
(32757, 155, 41335, 0, 2, 46368),
(32757, 156, 41378, 0, 2, 46368),
(32757, 157, 38986, 0, 2, 46368),
(32757, 158, 39006, 0, 2, 46368),
(32757, 159, 38997, 0, 2, 46368),
(32757, 160, 39005, 0, 2, 46368),
(32757, 161, 38989, 0, 2, 46368),
(32757, 162, 39003, 0, 2, 46368),
(32757, 163, 38993, 0, 2, 46368),
(32757, 164, 38978, 0, 2, 46368),
(32757, 165, 39004, 0, 2, 46368),
(32757, 166, 38990, 0, 2, 46368),
(32757, 167, 44458, 0, 2, 46368),
(32757, 168, 38979, 0, 2, 46368),
(32757, 169, 38967, 0, 2, 46368),
(32757, 170, 45056, 0, 2, 46368),
(32757, 171, 43987, 0, 2, 46368),
(32757, 172, 38991, 0, 2, 46368),
(32757, 173, 38972, 0, 2, 46368),
(32757, 174, 44467, 0, 2, 46368),
(32757, 175, 38984, 0, 2, 46368),
(32757, 176, 38964, 0, 2, 46368),
(32757, 177, 38995, 0, 2, 46368),
(32757, 178, 38965, 0, 2, 46368),
(32757, 179, 38992, 0, 2, 46368),
(32757, 180, 38976, 0, 2, 46368),
(32757, 181, 38975, 0, 2, 46368),
(32757, 182, 38985, 0, 2, 46368),
(32757, 183, 38988, 0, 2, 46368),
(32757, 184, 38981, 0, 2, 46368),
(32757, 185, 44947, 0, 2, 46368),
(32757, 186, 38987, 0, 2, 46368),
(32757, 187, 38980, 0, 2, 46368),
(32757, 188, 39002, 0, 2, 46368),
(32757, 189, 38959, 0, 2, 46368),
(32757, 190, 38982, 0, 2, 46368),
(32757, 191, 38969, 0, 2, 46368),
(32757, 192, 38950, 0, 2, 46368),
(32757, 193, 38956, 0, 2, 46368),
(32757, 194, 38977, 0, 2, 46368),
(32757, 195, 45060, 0, 0, 46368),
(32757, 196, 46026, 0, 2, 46368),
(32757, 197, 46098, 0, 2, 46368),
(32757, 198, 38963, 0, 2, 46368),
(32757, 199, 44946, 0, 0, 46368),
(32757, 200, 44463, 0, 2, 46368),
(32757, 201, 38955, 0, 2, 46368),
(32757, 202, 44465, 0, 2, 46368),
(32757, 203, 38973, 0, 2, 46368),
(32757, 204, 44493, 0, 2, 46368),
(32757, 205, 44466, 0, 2, 46368),
(32757, 206, 38953, 0, 2, 46368),
(32757, 207, 38966, 0, 2, 46368),
(32757, 208, 38968, 0, 2, 46368),
(32757, 209, 38962, 0, 2, 46368),
(32757, 210, 44457, 0, 2, 46368),
(32757, 211, 44456, 0, 2, 46368),
(32757, 212, 39000, 0, 2, 46368),
(32757, 213, 38960, 0, 0, 46368),
(32757, 214, 44455, 0, 2, 46368),
(32757, 215, 38948, 0, 2, 46368),
(32757, 216, 38925, 0, 2, 46368),
(32757, 217, 38924, 0, 2, 46368),
(32757, 218, 38923, 0, 2, 46368),
(32757, 219, 38910, 0, 2, 46368),
(32757, 220, 38974, 0, 2, 46368),
(32757, 221, 38951, 0, 2, 46368),
(32757, 222, 44497, 0, 2, 46368),
(32757, 223, 38998, 0, 2, 46368),
(32757, 224, 38922, 0, 2, 46368),
(32757, 225, 38944, 0, 2, 46368),
(32757, 226, 38943, 0, 2, 46368),
(32757, 227, 44469, 0, 2, 46368),
(32757, 228, 38903, 0, 2, 46368),
(32757, 229, 38999, 0, 2, 46368),
(32757, 230, 38935, 0, 2, 46368),
(32757, 231, 38932, 0, 2, 46368),
(32757, 232, 38907, 0, 2, 46368),
(32757, 233, 38927, 0, 2, 46368),
(32757, 234, 38926, 0, 2, 46368),
(32757, 235, 44449, 0, 2, 46368),
(32757, 236, 38961, 0, 2, 46368),
(32757, 237, 44470, 0, 2, 46368),
(32757, 238, 44815, 0, 2, 46368),
(32757, 239, 38971, 0, 2, 46368),
(32757, 240, 38912, 0, 2, 46368),
(32757, 241, 39001, 0, 2, 46368),
(32757, 242, 38954, 0, 2, 46368),
(32757, 243, 44453, 0, 2, 46368),
(32757, 244, 40082, 0, 0, 46368),
(32757, 245, 40084, 0, 0, 46368),
(32757, 246, 40404, 0, 0, 46368),
(32757, 247, 33448, 0, 0, 46368),
(32757, 248, 40072, 0, 0, 46368),
(32757, 249, 44939, 0, 0, 46368),
(32757, 250, 40068, 0, 0, 46368),
(32757, 251, 40214, 0, 0, 46368),
(32757, 252, 40215, 0, 0, 46368),
(32757, 253, 40212, 0, 0, 46368),
(32757, 254, 40216, 0, 0, 46368),
(32757, 255, 40076, 0, 0, 46368),
(32757, 256, 40078, 0, 0, 46368),
(32757, 257, 40081, 0, 0, 46368),
(32757, 258, 40213, 0, 0, 46368),
(32757, 259, 40109, 0, 0, 46368),
(32757, 260, 40217, 0, 0, 46368),
(32757, 261, 40079, 0, 0, 46368),
(32757, 262, 40093, 0, 0, 46368),
(32757, 263, 40070, 0, 0, 46368),
(32757, 264, 40073, 0, 0, 46368),
(32757, 265, 40087, 0, 0, 46368),
(32757, 266, 40211, 0, 0, 46368),
(32757, 267, 40097, 0, 0, 46368),
(32757, 268, 40083, 0, 0, 46368),
(32758, 1, 42396, 0, 0, 46368),
(32758, 2, 42397, 0, 0, 46368),
(32758, 3, 42398, 0, 0, 46368),
(32758, 4, 43342, 0, 0, 46368),
(32758, 5, 42399, 0, 0, 46368),
(32758, 6, 42400, 0, 0, 46368),
(32758, 7, 43371, 0, 0, 46368),
(32758, 8, 42401, 0, 0, 46368),
(32758, 9, 42402, 0, 0, 46368),
(32758, 10, 43370, 0, 0, 46368),
(32758, 11, 42403, 0, 0, 46368),
(32758, 12, 42404, 0, 0, 46368),
(32758, 13, 42405, 0, 0, 46368),
(32758, 14, 42406, 0, 0, 46368),
(32758, 15, 42407, 0, 0, 46368),
(32758, 16, 42408, 0, 0, 46368),
(32758, 17, 42409, 0, 0, 46368),
(32758, 18, 42410, 0, 0, 46368),
(32758, 19, 42411, 0, 0, 46368),
(32758, 20, 42412, 0, 0, 46368),
(32758, 21, 43373, 0, 0, 46368),
(32758, 22, 43372, 0, 0, 46368),
(32758, 23, 42414, 0, 0, 46368),
(32758, 24, 42415, 0, 0, 46368),
(32758, 25, 43374, 0, 0, 46368),
(32758, 26, 42416, 0, 0, 46368),
(32758, 27, 42417, 0, 0, 46368),
(32758, 28, 45753, 0, 0, 46368),
(32758, 29, 45755, 0, 0, 46368),
(32758, 30, 45758, 0, 0, 46368),
(32758, 31, 45757, 0, 0, 46368),
(32758, 32, 45760, 0, 0, 46368),
(32758, 33, 45756, 0, 0, 46368),
(32758, 36, 44876, 0, 2, 46368),
(32758, 37, 44877, 0, 2, 46368),
(32758, 38, 44075, 0, 2, 46368),
(32758, 39, 44875, 0, 2, 46368),
(32758, 40, 44878, 0, 2, 46368),
(32758, 41, 44879, 0, 2, 46368),
(32758, 42, 44069, 0, 2, 46368),
(32758, 43, 41602, 0, 2, 46368),
(32758, 44, 44963, 0, 2, 46368),
(32758, 45, 38373, 0, 2, 46368),
(32758, 46, 44871, 0, 2, 46368),
(32758, 47, 44872, 0, 2, 46368),
(32758, 48, 44957, 0, 2, 46368),
(32758, 49, 44873, 0, 2, 46368),
(32758, 50, 44874, 0, 2, 46368),
(32758, 51, 38374, 0, 2, 46368),
(32758, 52, 41604, 0, 2, 46368),
(32758, 53, 41976, 0, 2, 46368),
(32758, 56, 6265, 0, 2, 46368),
(32758, 57, 34722, 0, 2, 46368),
(32758, 58, 43236, 0, 0, 46368),
(32758, 59, 38376, 0, 0, 46368),
(32758, 60, 44936, 0, 2, 46368),
(32758, 61, 44448, 0, 0, 46368),
(32758, 62, 40105, 0, 2, 46368),
(32758, 63, 40100, 0, 2, 46368),
(32758, 64, 40015, 0, 2, 46368),
(32758, 65, 41396, 0, 2, 46368),
(32758, 66, 40089, 0, 2, 46368),
(32758, 67, 40046, 0, 2, 46368),
(32758, 68, 40038, 0, 2, 46368),
(32758, 69, 40088, 0, 2, 46368),
(32758, 70, 40053, 0, 2, 46368),
(32758, 71, 40094, 0, 2, 46368),
(32758, 72, 41333, 0, 2, 46368),
(32758, 73, 40037, 0, 2, 46368),
(32758, 74, 40040, 0, 2, 46368),
(32758, 75, 41377, 0, 2, 46368),
(32758, 76, 40106, 0, 2, 46368),
(32758, 77, 40051, 0, 2, 46368),
(32758, 78, 41380, 0, 2, 46368),
(32758, 79, 40096, 0, 2, 46368),
(32758, 80, 40091, 0, 2, 46368),
(32758, 81, 40017, 0, 2, 46368),
(32758, 82, 41389, 0, 2, 46368),
(32758, 83, 40002, 0, 2, 46368),
(32758, 84, 40044, 0, 2, 46368),
(32758, 85, 40034, 0, 2, 46368),
(32758, 86, 40052, 0, 2, 46368),
(32758, 87, 41375, 0, 2, 46368),
(32758, 88, 40047, 0, 2, 46368),
(32758, 89, 40092, 0, 2, 46368),
(32758, 90, 41381, 0, 2, 46368),
(32758, 91, 40098, 0, 0, 46368),
(32758, 92, 40001, 0, 2, 46368),
(32758, 93, 41307, 0, 2, 46368),
(32758, 94, 25896, 0, 0, 46368),
(32758, 95, 41382, 0, 2, 46368),
(32758, 96, 41395, 0, 2, 46368),
(32758, 97, 41400, 0, 2, 46368),
(32758, 98, 40008, 0, 2, 46368),
(32758, 99, 40022, 0, 2, 46368),
(32758, 100, 41285, 0, 2, 46368),
(32758, 101, 40016, 0, 2, 46368),
(32758, 102, 41339, 0, 2, 46368),
(32758, 103, 41401, 0, 2, 46368),
(32758, 104, 40031, 0, 2, 46368),
(32758, 105, 40033, 0, 2, 46368),
(32758, 106, 40030, 0, 2, 46368),
(32758, 107, 40013, 0, 2, 46368),
(32758, 108, 40026, 0, 2, 46368),
(32758, 109, 40043, 0, 2, 46368),
(32758, 110, 40086, 0, 2, 46368),
(32758, 111, 40010, 0, 2, 46368),
(32758, 112, 40099, 0, 2, 46368),
(32758, 113, 40059, 0, 2, 46368),
(32758, 114, 40023, 0, 2, 46368),
(32758, 115, 40057, 0, 2, 46368),
(32758, 116, 40027, 0, 2, 46368),
(32758, 117, 41385, 0, 2, 46368),
(32758, 118, 40103, 0, 2, 46368),
(32758, 119, 40095, 0, 2, 46368),
(32758, 120, 40041, 0, 2, 46368),
(32758, 121, 40029, 0, 2, 46368),
(32758, 122, 40039, 0, 2, 46368),
(32758, 123, 39997, 0, 2, 46368),
(32758, 124, 41379, 0, 2, 46368),
(32758, 125, 40024, 0, 2, 46368),
(32758, 126, 40028, 0, 2, 46368),
(32758, 127, 40050, 0, 2, 46368),
(32758, 128, 40009, 0, 2, 46368),
(32758, 129, 40085, 0, 2, 46368),
(32758, 130, 40102, 0, 2, 46368),
(32758, 131, 41398, 0, 2, 46368),
(32758, 132, 41376, 0, 2, 46368),
(32758, 133, 41397, 0, 2, 46368),
(32758, 134, 39996, 0, 2, 46368),
(32758, 135, 40056, 0, 2, 46368),
(32758, 136, 39999, 0, 2, 46368),
(32758, 137, 40014, 0, 2, 46368),
(32758, 138, 40012, 0, 2, 46368),
(32758, 139, 40032, 0, 2, 46368),
(32758, 140, 40101, 0, 2, 46368),
(32758, 141, 39998, 0, 2, 46368),
(32758, 142, 40049, 0, 2, 46368),
(32758, 143, 40025, 0, 2, 46368),
(32758, 144, 40003, 0, 2, 46368),
(32758, 145, 40104, 0, 2, 46368),
(32758, 146, 40045, 0, 2, 46368),
(32758, 147, 40055, 0, 2, 46368),
(32758, 148, 40000, 0, 2, 46368),
(32758, 149, 40090, 0, 2, 46368),
(32758, 150, 40011, 0, 2, 46368),
(32758, 151, 40048, 0, 2, 46368),
(32758, 152, 40054, 0, 2, 46368),
(32758, 153, 40058, 0, 2, 46368),
(32758, 154, 41335, 0, 2, 46368),
(32758, 155, 41378, 0, 2, 46368),
(32758, 156, 38986, 0, 2, 46368),
(32758, 157, 39006, 0, 2, 46368),
(32758, 158, 38997, 0, 2, 46368),
(32758, 159, 39005, 0, 2, 46368),
(32758, 160, 38989, 0, 2, 46368),
(32758, 161, 39003, 0, 2, 46368),
(32758, 162, 38993, 0, 2, 46368),
(32758, 163, 38978, 0, 2, 46368),
(32758, 164, 39004, 0, 2, 46368),
(32758, 165, 38990, 0, 2, 46368),
(32758, 166, 44458, 0, 2, 46368),
(32758, 167, 38979, 0, 2, 46368),
(32758, 168, 38967, 0, 2, 46368),
(32758, 169, 45056, 0, 2, 46368),
(32758, 170, 43987, 0, 2, 46368),
(32758, 171, 38991, 0, 2, 46368),
(32758, 172, 38972, 0, 2, 46368),
(32758, 173, 44467, 0, 2, 46368),
(32758, 174, 38984, 0, 2, 46368),
(32758, 175, 38964, 0, 2, 46368),
(32758, 176, 38995, 0, 2, 46368),
(32758, 177, 38965, 0, 2, 46368),
(32758, 178, 38992, 0, 2, 46368),
(32758, 179, 38976, 0, 2, 46368),
(32758, 180, 38975, 0, 2, 46368),
(32758, 181, 38985, 0, 2, 46368),
(32758, 182, 38988, 0, 2, 46368),
(32758, 183, 38981, 0, 2, 46368),
(32758, 184, 44947, 0, 2, 46368),
(32758, 185, 38987, 0, 2, 46368),
(32758, 186, 38980, 0, 2, 46368),
(32758, 187, 39002, 0, 2, 46368),
(32758, 188, 38959, 0, 2, 46368),
(32758, 189, 38982, 0, 2, 46368),
(32758, 190, 38969, 0, 2, 46368),
(32758, 191, 38950, 0, 2, 46368),
(32758, 192, 38956, 0, 2, 46368),
(32758, 193, 38977, 0, 2, 46368),
(32758, 194, 45060, 0, 0, 46368),
(32758, 195, 46026, 0, 2, 46368),
(32758, 196, 46098, 0, 2, 46368),
(32758, 197, 38963, 0, 2, 46368),
(32758, 198, 44946, 0, 0, 46368),
(32758, 199, 44463, 0, 2, 46368),
(32758, 200, 38955, 0, 2, 46368),
(32758, 201, 44465, 0, 2, 46368),
(32758, 202, 38973, 0, 2, 46368),
(32758, 203, 44493, 0, 2, 46368),
(32758, 204, 44466, 0, 2, 46368),
(32758, 205, 38953, 0, 2, 46368),
(32758, 206, 38966, 0, 2, 46368),
(32758, 207, 38968, 0, 2, 46368),
(32758, 208, 38962, 0, 2, 46368),
(32758, 209, 44457, 0, 2, 46368),
(32758, 210, 44456, 0, 2, 46368),
(32758, 211, 39000, 0, 2, 46368),
(32758, 212, 38960, 0, 0, 46368),
(32758, 213, 44455, 0, 2, 46368),
(32758, 214, 38948, 0, 2, 46368),
(32758, 215, 38925, 0, 2, 46368),
(32758, 216, 38924, 0, 2, 46368),
(32758, 217, 38923, 0, 2, 46368),
(32758, 218, 38910, 0, 2, 46368),
(32758, 219, 38974, 0, 2, 46368),
(32758, 220, 38951, 0, 2, 46368),
(32758, 221, 44497, 0, 2, 46368),
(32758, 222, 38998, 0, 2, 46368),
(32758, 223, 38922, 0, 2, 46368),
(32758, 224, 38944, 0, 2, 46368),
(32758, 225, 38943, 0, 2, 46368),
(32758, 226, 44469, 0, 2, 46368),
(32758, 227, 38903, 0, 2, 46368),
(32758, 228, 38999, 0, 2, 46368),
(32758, 229, 38935, 0, 2, 46368),
(32758, 230, 38932, 0, 2, 46368),
(32758, 231, 38907, 0, 2, 46368),
(32758, 232, 38927, 0, 2, 46368),
(32758, 233, 38926, 0, 2, 46368),
(32758, 234, 44449, 0, 2, 46368),
(32758, 235, 38961, 0, 2, 46368),
(32758, 236, 44470, 0, 2, 46368),
(32758, 237, 44815, 0, 2, 46368),
(32758, 238, 38971, 0, 2, 46368),
(32758, 239, 38912, 0, 2, 46368),
(32758, 240, 39001, 0, 2, 46368),
(32758, 241, 38954, 0, 2, 46368),
(32758, 242, 44453, 0, 2, 46368),
(32758, 243, 40082, 0, 0, 46368),
(32758, 244, 40084, 0, 0, 46368),
(32758, 245, 40404, 0, 0, 46368),
(32758, 246, 33448, 0, 0, 46368),
(32758, 247, 40072, 0, 0, 46368),
(32758, 248, 44939, 0, 0, 46368),
(32758, 249, 40068, 0, 0, 46368),
(32758, 250, 40214, 0, 0, 46368),
(32758, 251, 40215, 0, 0, 46368),
(32758, 252, 40212, 0, 0, 46368),
(32758, 253, 40216, 0, 0, 46368),
(32758, 254, 40076, 0, 0, 46368),
(32758, 255, 40078, 0, 0, 46368),
(32758, 256, 40081, 0, 0, 46368),
(32758, 257, 40213, 0, 0, 46368),
(32758, 258, 40109, 0, 0, 46368),
(32758, 259, 40217, 0, 0, 46368),
(32758, 260, 40079, 0, 0, 46368),
(32758, 261, 40093, 0, 0, 46368),
(32758, 262, 40070, 0, 0, 46368),
(32758, 263, 40073, 0, 0, 46368),
(32758, 264, 40087, 0, 0, 46368),
(32758, 265, 40211, 0, 0, 46368),
(32758, 266, 40097, 0, 0, 46368),
(32758, 267, 40083, 0, 0, 46368),
(32759, 1, 42954, 0, 0, 46368),
(32759, 2, 42955, 0, 0, 46368),
(32759, 3, 42956, 0, 0, 46368),
(32759, 4, 42957, 0, 0, 46368),
(32759, 5, 43379, 0, 0, 46368),
(32759, 6, 42958, 0, 0, 46368),
(32759, 7, 42959, 0, 0, 46368),
(32759, 8, 43376, 0, 0, 46368),
(32759, 9, 42960, 0, 0, 46368),
(32759, 10, 42961, 0, 0, 46368),
(32759, 11, 42962, 0, 0, 46368),
(32759, 12, 42963, 0, 0, 46368),
(32759, 13, 42964, 0, 0, 46368),
(32759, 14, 42965, 0, 0, 46368),
(32759, 15, 42966, 0, 0, 46368),
(32759, 16, 42967, 0, 0, 46368),
(32759, 17, 43377, 0, 0, 46368),
(32759, 18, 43343, 0, 0, 46368),
(32759, 19, 42968, 0, 0, 46368),
(32759, 20, 42969, 0, 0, 46368),
(32759, 21, 43378, 0, 0, 46368),
(32759, 22, 42970, 0, 0, 46368),
(32759, 23, 42971, 0, 0, 46368),
(32759, 24, 42972, 0, 0, 46368),
(32759, 25, 42973, 0, 0, 46368),
(32759, 26, 42974, 0, 0, 46368),
(32759, 27, 43380, 0, 0, 46368),
(32759, 28, 45769, 0, 0, 46368),
(32759, 29, 45766, 0, 0, 46368),
(32759, 30, 45761, 0, 0, 46368),
(32759, 31, 45762, 0, 0, 46368),
(32759, 32, 45768, 0, 0, 46368),
(32759, 33, 45764, 0, 0, 46368),
(32759, 34, 45767, 0, 0, 46368),
(32759, 37, 44876, 0, 2, 46368),
(32759, 38, 44877, 0, 2, 46368),
(32759, 39, 44075, 0, 2, 46368),
(32759, 40, 44875, 0, 2, 46368),
(32759, 41, 44878, 0, 2, 46368),
(32759, 42, 44879, 0, 2, 46368),
(32759, 43, 44069, 0, 2, 46368),
(32759, 44, 41602, 0, 2, 46368),
(32759, 45, 44963, 0, 2, 46368),
(32759, 46, 38373, 0, 2, 46368),
(32759, 47, 44871, 0, 2, 46368),
(32759, 48, 44872, 0, 2, 46368),
(32759, 49, 44957, 0, 2, 46368),
(32759, 50, 44873, 0, 2, 46368),
(32759, 51, 44874, 0, 2, 46368),
(32759, 52, 38374, 0, 2, 46368),
(32759, 53, 41604, 0, 2, 46368),
(32759, 54, 41976, 0, 2, 46368),
(32759, 57, 6265, 0, 2, 46368),
(32759, 58, 34722, 0, 2, 46368),
(32759, 59, 43236, 0, 0, 46368),
(32759, 60, 38376, 0, 0, 46368),
(32759, 61, 44936, 0, 2, 46368),
(32759, 62, 44448, 0, 0, 46368),
(32759, 63, 40105, 0, 2, 46368),
(32759, 64, 40100, 0, 2, 46368),
(32759, 65, 40015, 0, 2, 46368),
(32759, 66, 41396, 0, 2, 46368),
(32759, 67, 40089, 0, 2, 46368),
(32759, 68, 40046, 0, 2, 46368),
(32759, 69, 40038, 0, 2, 46368),
(32759, 70, 40088, 0, 2, 46368),
(32759, 71, 40053, 0, 2, 46368),
(32759, 72, 40094, 0, 2, 46368),
(32759, 73, 41333, 0, 2, 46368),
(32759, 74, 40037, 0, 2, 46368),
(32759, 75, 40040, 0, 2, 46368),
(32759, 76, 41377, 0, 2, 46368),
(32759, 77, 40106, 0, 2, 46368),
(32759, 78, 40051, 0, 2, 46368),
(32759, 79, 41380, 0, 2, 46368),
(32759, 80, 40096, 0, 2, 46368),
(32759, 81, 40091, 0, 2, 46368),
(32759, 82, 40017, 0, 2, 46368),
(32759, 83, 41389, 0, 2, 46368),
(32759, 84, 40002, 0, 2, 46368),
(32759, 85, 40044, 0, 2, 46368),
(32759, 86, 40034, 0, 2, 46368),
(32759, 87, 40052, 0, 2, 46368),
(32759, 88, 41375, 0, 2, 46368),
(32759, 89, 40047, 0, 2, 46368),
(32759, 90, 40092, 0, 2, 46368),
(32759, 91, 41381, 0, 2, 46368),
(32759, 92, 40098, 0, 0, 46368),
(32759, 93, 40001, 0, 2, 46368),
(32759, 94, 41307, 0, 2, 46368),
(32759, 95, 25896, 0, 0, 46368),
(32759, 96, 41382, 0, 2, 46368),
(32759, 97, 41395, 0, 2, 46368),
(32759, 98, 41400, 0, 2, 46368),
(32759, 99, 40008, 0, 2, 46368),
(32759, 100, 40022, 0, 2, 46368),
(32759, 101, 41285, 0, 2, 46368),
(32759, 102, 40016, 0, 2, 46368),
(32759, 103, 41339, 0, 2, 46368),
(32759, 104, 41401, 0, 2, 46368),
(32759, 105, 40031, 0, 2, 46368),
(32759, 106, 40033, 0, 2, 46368),
(32759, 107, 40030, 0, 2, 46368),
(32759, 108, 40013, 0, 2, 46368),
(32759, 109, 40026, 0, 2, 46368),
(32759, 110, 40043, 0, 2, 46368),
(32759, 111, 40086, 0, 2, 46368),
(32759, 112, 40010, 0, 2, 46368),
(32759, 113, 40099, 0, 2, 46368),
(32759, 114, 40059, 0, 2, 46368),
(32759, 115, 40023, 0, 2, 46368),
(32759, 116, 40057, 0, 2, 46368),
(32759, 117, 40027, 0, 2, 46368),
(32759, 118, 41385, 0, 2, 46368),
(32759, 119, 40103, 0, 2, 46368),
(32759, 120, 40095, 0, 2, 46368),
(32759, 121, 40041, 0, 2, 46368),
(32759, 122, 40029, 0, 2, 46368),
(32759, 123, 40039, 0, 2, 46368),
(32759, 124, 39997, 0, 2, 46368),
(32759, 125, 41379, 0, 2, 46368),
(32759, 126, 40024, 0, 2, 46368),
(32759, 127, 40028, 0, 2, 46368),
(32759, 128, 40050, 0, 2, 46368),
(32759, 129, 40009, 0, 2, 46368),
(32759, 130, 40085, 0, 2, 46368),
(32759, 131, 40102, 0, 2, 46368),
(32759, 132, 41398, 0, 2, 46368),
(32759, 133, 41376, 0, 2, 46368),
(32759, 134, 41397, 0, 2, 46368),
(32759, 135, 39996, 0, 2, 46368),
(32759, 136, 40056, 0, 2, 46368),
(32759, 137, 39999, 0, 2, 46368),
(32759, 138, 40014, 0, 2, 46368),
(32759, 139, 40012, 0, 2, 46368),
(32759, 140, 40032, 0, 2, 46368),
(32759, 141, 40101, 0, 2, 46368),
(32759, 142, 39998, 0, 2, 46368),
(32759, 143, 40049, 0, 2, 46368),
(32759, 144, 40025, 0, 2, 46368),
(32759, 145, 40003, 0, 2, 46368),
(32759, 146, 40104, 0, 2, 46368),
(32759, 147, 40045, 0, 2, 46368),
(32759, 148, 40055, 0, 2, 46368),
(32759, 149, 40000, 0, 2, 46368),
(32759, 150, 40090, 0, 2, 46368),
(32759, 151, 40011, 0, 2, 46368),
(32759, 152, 40048, 0, 2, 46368),
(32759, 153, 40054, 0, 2, 46368),
(32759, 154, 40058, 0, 2, 46368),
(32759, 155, 41335, 0, 2, 46368),
(32759, 156, 41378, 0, 2, 46368),
(32759, 157, 38986, 0, 2, 46368),
(32759, 158, 39006, 0, 2, 46368),
(32759, 159, 38997, 0, 2, 46368),
(32759, 160, 39005, 0, 2, 46368),
(32759, 161, 38989, 0, 2, 46368),
(32759, 162, 39003, 0, 2, 46368),
(32759, 163, 38993, 0, 2, 46368),
(32759, 164, 38978, 0, 2, 46368),
(32759, 165, 39004, 0, 2, 46368),
(32759, 166, 38990, 0, 2, 46368),
(32759, 167, 44458, 0, 2, 46368),
(32759, 168, 38979, 0, 2, 46368),
(32759, 169, 38967, 0, 2, 46368),
(32759, 170, 45056, 0, 2, 46368),
(32759, 171, 43987, 0, 2, 46368),
(32759, 172, 38991, 0, 2, 46368),
(32759, 173, 38972, 0, 2, 46368),
(32759, 174, 44467, 0, 2, 46368),
(32759, 175, 38984, 0, 2, 46368),
(32759, 176, 38964, 0, 2, 46368),
(32759, 177, 38995, 0, 2, 46368),
(32759, 178, 38965, 0, 2, 46368),
(32759, 179, 38992, 0, 2, 46368),
(32759, 180, 38976, 0, 2, 46368),
(32759, 181, 38975, 0, 2, 46368),
(32759, 182, 38985, 0, 2, 46368),
(32759, 183, 38988, 0, 2, 46368),
(32759, 184, 38981, 0, 2, 46368),
(32759, 185, 44947, 0, 2, 46368),
(32759, 186, 38987, 0, 2, 46368),
(32759, 187, 38980, 0, 2, 46368),
(32759, 188, 39002, 0, 2, 46368),
(32759, 189, 38959, 0, 2, 46368),
(32759, 190, 38982, 0, 2, 46368),
(32759, 191, 38969, 0, 2, 46368),
(32759, 192, 38950, 0, 2, 46368),
(32759, 193, 38956, 0, 2, 46368),
(32759, 194, 38977, 0, 2, 46368),
(32759, 195, 45060, 0, 0, 46368),
(32759, 196, 46026, 0, 2, 46368),
(32759, 197, 46098, 0, 2, 46368),
(32759, 198, 38963, 0, 2, 46368),
(32759, 199, 44946, 0, 0, 46368),
(32759, 200, 44463, 0, 2, 46368),
(32759, 201, 38955, 0, 2, 46368),
(32759, 202, 44465, 0, 2, 46368),
(32759, 203, 38973, 0, 2, 46368),
(32759, 204, 44493, 0, 2, 46368),
(32759, 205, 44466, 0, 2, 46368),
(32759, 206, 38953, 0, 2, 46368),
(32759, 207, 38966, 0, 2, 46368),
(32759, 208, 38968, 0, 2, 46368),
(32759, 209, 38962, 0, 2, 46368),
(32759, 210, 44457, 0, 2, 46368),
(32759, 211, 44456, 0, 2, 46368),
(32759, 212, 39000, 0, 2, 46368),
(32759, 213, 38960, 0, 0, 46368),
(32759, 214, 44455, 0, 2, 46368),
(32759, 215, 38948, 0, 2, 46368),
(32759, 216, 38925, 0, 2, 46368),
(32759, 217, 38924, 0, 2, 46368),
(32759, 218, 38923, 0, 2, 46368),
(32759, 219, 38910, 0, 2, 46368),
(32759, 220, 38974, 0, 2, 46368),
(32759, 221, 38951, 0, 2, 46368),
(32759, 222, 44497, 0, 2, 46368),
(32759, 223, 38998, 0, 2, 46368),
(32759, 224, 38922, 0, 2, 46368),
(32759, 225, 38944, 0, 2, 46368),
(32759, 226, 38943, 0, 2, 46368),
(32759, 227, 44469, 0, 2, 46368),
(32759, 228, 38903, 0, 2, 46368),
(32759, 229, 38999, 0, 2, 46368),
(32759, 230, 38935, 0, 2, 46368),
(32759, 231, 38932, 0, 2, 46368),
(32759, 232, 38907, 0, 2, 46368),
(32759, 233, 38927, 0, 2, 46368),
(32759, 234, 38926, 0, 2, 46368),
(32759, 235, 44449, 0, 2, 46368),
(32759, 236, 38961, 0, 2, 46368),
(32759, 237, 44470, 0, 2, 46368),
(32759, 238, 44815, 0, 2, 46368),
(32759, 239, 38971, 0, 2, 46368),
(32759, 240, 38912, 0, 2, 46368),
(32759, 241, 39001, 0, 2, 46368),
(32759, 242, 38954, 0, 2, 46368),
(32759, 243, 44453, 0, 2, 46368),
(32759, 244, 40082, 0, 0, 46368),
(32759, 245, 40084, 0, 0, 46368),
(32759, 246, 40404, 0, 0, 46368),
(32759, 247, 33448, 0, 0, 46368),
(32759, 248, 40072, 0, 0, 46368),
(32759, 249, 44939, 0, 0, 46368),
(32759, 250, 40068, 0, 0, 46368),
(32759, 251, 40214, 0, 0, 46368),
(32759, 252, 40215, 0, 0, 46368),
(32759, 253, 40212, 0, 0, 46368),
(32759, 254, 40216, 0, 0, 46368),
(32759, 255, 40076, 0, 0, 46368),
(32759, 256, 40078, 0, 0, 46368),
(32759, 257, 40081, 0, 0, 46368),
(32759, 258, 40213, 0, 0, 46368),
(32759, 259, 40109, 0, 0, 46368),
(32759, 260, 40217, 0, 0, 46368),
(32759, 261, 40079, 0, 0, 46368),
(32759, 262, 40093, 0, 0, 46368),
(32759, 263, 40070, 0, 0, 46368),
(32759, 264, 40073, 0, 0, 46368),
(32759, 265, 40087, 0, 0, 46368),
(32759, 266, 40211, 0, 0, 46368),
(32759, 267, 40097, 0, 0, 46368),
(32759, 268, 40083, 0, 0, 46368),
(32760, 1, 43381, 0, 0, 46368),
(32760, 2, 41517, 0, 0, 46368),
(32760, 3, 41518, 0, 0, 46368),
(32760, 4, 41524, 0, 0, 46368),
(32760, 5, 41526, 0, 0, 46368),
(32760, 6, 41527, 0, 0, 46368),
(32760, 7, 41529, 0, 0, 46368),
(32760, 8, 41530, 0, 0, 46368),
(32760, 9, 41531, 0, 0, 46368),
(32760, 10, 41532, 0, 0, 46368),
(32760, 11, 41547, 0, 0, 46368),
(32760, 12, 43725, 0, 0, 46368),
(32760, 13, 41533, 0, 0, 46368),
(32760, 14, 41534, 0, 0, 46368),
(32760, 15, 41535, 0, 0, 46368),
(32760, 16, 41536, 0, 0, 46368),
(32760, 17, 41537, 0, 0, 46368),
(32760, 18, 41538, 0, 0, 46368),
(32760, 19, 43385, 0, 0, 46368),
(32760, 20, 41539, 0, 0, 46368),
(32760, 21, 41540, 0, 0, 46368),
(32760, 22, 41552, 0, 0, 46368),
(32760, 23, 43344, 0, 0, 46368),
(32760, 24, 41541, 0, 0, 46368),
(32760, 25, 43386, 0, 0, 46368),
(32760, 26, 43388, 0, 0, 46368),
(32760, 27, 41542, 0, 0, 46368),
(32760, 28, 45775, 0, 0, 46368),
(32760, 29, 45771, 0, 0, 46368),
(32760, 30, 45777, 0, 0, 46368),
(32760, 31, 45772, 0, 0, 46368),
(32760, 32, 45778, 0, 0, 46368),
(32760, 33, 45770, 0, 0, 46368),
(32760, 34, 45776, 0, 0, 46368),
(32760, 35, 44923, 0, 0, 46368),
(32760, 38, 44701, 0, 0, 46368),
(32760, 39, 50373, 0, 0, 46368),
(32760, 40, 44702, 0, 0, 46368),
(32760, 41, 50372, 0, 0, 46368),
(32760, 42, 41976, 0, 2, 46368),
(32760, 45, 41016, 0, 0, 46368),
(32760, 46, 41148, 0, 0, 46368),
(32760, 57, 41010, 0, 0, 46368),
(32760, 60, 41041, 0, 0, 46368),
(32760, 62, 41024, 0, 0, 46368),
(32760, 71, 41208, 0, 0, 46368),
(32760, 75, 41078, 0, 0, 46368),
(32760, 77, 40987, 0, 0, 46368),
(32760, 83, 40986, 0, 0, 46368),
(32760, 88, 41160, 0, 0, 46368),
(32760, 94, 41023, 0, 0, 46368),
(32760, 98, 41030, 0, 0, 46368),
(32760, 102, 41134, 0, 0, 46368),
(32760, 109, 41004, 0, 0, 46368),
(32760, 110, 40998, 0, 0, 46368),
(32760, 117, 42206, 0, 0, 46368),
(32760, 118, 42224, 0, 0, 46368),
(32760, 119, 42222, 0, 0, 46368),
(32760, 120, 42216, 0, 0, 46368),
(32760, 121, 42568, 0, 0, 46368),
(32760, 122, 42556, 0, 0, 46368),
(32760, 123, 42557, 0, 0, 46368),
(32760, 124, 42445, 0, 0, 46368),
(32760, 125, 42356, 0, 0, 46368),
(32760, 126, 42296, 0, 0, 46368),
(32760, 127, 44415, 0, 0, 46368),
(32760, 128, 44416, 0, 0, 46368),
(32760, 129, 42295, 0, 0, 46368),
(32760, 131, 42294, 0, 0, 46368),
(32760, 132, 42382, 0, 0, 46368),
(32760, 133, 42297, 0, 0, 46368),
(32760, 141, 42218, 0, 0, 46368),
(32760, 142, 42344, 0, 0, 46368),
(32760, 143, 42343, 0, 0, 46368),
(32760, 144, 42221, 0, 0, 46368),
(32760, 145, 42220, 0, 0, 46368),
(32760, 146, 42212, 0, 0, 46368),
(32760, 147, 42213, 0, 0, 46368),
(32760, 148, 42217, 0, 0, 46368),
(32760, 149, 42223, 0, 0, 46368),
(32760, 150, 42215, 0, 0, 46368),
(32760, 151, 42219, 0, 0, 46368),
(32760, 152, 42535, 0, 0, 46368),
(32760, 153, 42523, 0, 0, 46368),
(32760, 154, 42529, 0, 0, 46368),
(32760, 155, 42444, 0, 0, 46368),
(32760, 156, 42517, 0, 0, 46368),
(32760, 157, 42446, 0, 0, 46368),
(32760, 158, 42447, 0, 0, 46368),
(32760, 159, 42448, 0, 0, 46368),
(32760, 160, 42511, 0, 0, 46368),
(32760, 161, 42611, 0, 0, 46368),
(32760, 162, 42595, 0, 0, 46368),
(32760, 163, 42594, 0, 0, 46368),
(32760, 164, 42593, 0, 0, 46368),
(32760, 165, 42574, 0, 0, 46368),
(32760, 166, 42575, 0, 0, 46368),
(32760, 167, 42612, 0, 0, 46368),
(32760, 168, 42618, 0, 0, 46368),
(32760, 169, 42576, 0, 0, 46368),
(32760, 171, 42123, 0, 2, 46368),
(32760, 172, 44876, 0, 2, 46368),
(32760, 173, 44877, 0, 2, 46368),
(32760, 174, 44075, 0, 2, 46368),
(32760, 175, 44875, 0, 2, 46368),
(32760, 176, 44878, 0, 2, 46368),
(32760, 177, 44879, 0, 2, 46368),
(32760, 178, 44069, 0, 2, 46368),
(32760, 179, 41602, 0, 2, 46368),
(32760, 180, 44963, 0, 2, 46368),
(32760, 181, 38373, 0, 2, 46368),
(32760, 182, 44871, 0, 2, 46368),
(32760, 183, 44872, 0, 2, 46368),
(32760, 184, 44957, 0, 2, 46368),
(32760, 185, 44873, 0, 2, 46368),
(32760, 186, 44874, 0, 2, 46368),
(32760, 187, 38374, 0, 2, 46368),
(32760, 188, 41604, 0, 2, 46368),
(32760, 191, 6265, 0, 2, 46368),
(32760, 192, 34722, 0, 2, 46368),
(32760, 193, 43236, 0, 0, 46368),
(32760, 194, 38376, 0, 0, 46368),
(32760, 195, 44936, 0, 2, 46368),
(32760, 196, 44448, 0, 0, 46368),
(32760, 197, 40105, 0, 2, 46368),
(32760, 198, 40100, 0, 2, 46368),
(32760, 199, 40015, 0, 2, 46368),
(32760, 200, 41396, 0, 2, 46368),
(32760, 201, 40089, 0, 2, 46368),
(32760, 202, 40046, 0, 2, 46368),
(32760, 203, 40038, 0, 2, 46368),
(32760, 204, 40088, 0, 2, 46368),
(32760, 205, 40053, 0, 2, 46368),
(32760, 206, 40094, 0, 2, 46368),
(32760, 207, 41333, 0, 2, 46368),
(32760, 208, 40037, 0, 2, 46368),
(32760, 209, 40040, 0, 2, 46368),
(32760, 210, 41377, 0, 2, 46368),
(32760, 211, 40106, 0, 2, 46368),
(32760, 212, 40051, 0, 2, 46368),
(32760, 213, 41380, 0, 2, 46368),
(32760, 214, 40096, 0, 2, 46368),
(32760, 215, 40091, 0, 2, 46368),
(32760, 216, 40017, 0, 2, 46368),
(32760, 217, 41389, 0, 2, 46368),
(32760, 218, 40002, 0, 2, 46368),
(32760, 219, 40044, 0, 2, 46368),
(32760, 220, 40034, 0, 2, 46368),
(32760, 221, 40052, 0, 2, 46368),
(32760, 222, 41375, 0, 2, 46368),
(32760, 223, 40047, 0, 2, 46368),
(32760, 224, 40092, 0, 2, 46368),
(32760, 225, 41381, 0, 2, 46368),
(32760, 226, 40098, 0, 0, 46368),
(32760, 227, 40001, 0, 2, 46368),
(32760, 228, 41307, 0, 2, 46368),
(32760, 229, 25896, 0, 0, 46368),
(32760, 230, 41382, 0, 2, 46368),
(32760, 231, 41395, 0, 2, 46368),
(32760, 232, 41400, 0, 2, 46368),
(32760, 233, 40008, 0, 2, 46368),
(32760, 234, 40022, 0, 2, 46368),
(32760, 235, 41285, 0, 2, 46368),
(32760, 236, 40016, 0, 2, 46368),
(32760, 237, 41339, 0, 2, 46368),
(32760, 238, 41401, 0, 2, 46368),
(32760, 239, 40031, 0, 2, 46368),
(32760, 240, 40033, 0, 2, 46368),
(32760, 241, 40030, 0, 2, 46368),
(32760, 242, 40013, 0, 2, 46368),
(32760, 243, 40026, 0, 2, 46368),
(32760, 244, 40043, 0, 2, 46368),
(32760, 245, 40086, 0, 2, 46368),
(32760, 246, 40010, 0, 2, 46368),
(32760, 247, 40099, 0, 2, 46368),
(32760, 248, 40059, 0, 2, 46368),
(32760, 249, 40023, 0, 2, 46368),
(32760, 250, 40057, 0, 2, 46368),
(32760, 251, 40027, 0, 2, 46368),
(32760, 252, 41385, 0, 2, 46368),
(32760, 253, 40103, 0, 2, 46368),
(32760, 254, 40095, 0, 2, 46368),
(32760, 255, 40041, 0, 2, 46368),
(32760, 256, 40029, 0, 2, 46368),
(32760, 257, 40039, 0, 2, 46368),
(32760, 258, 39997, 0, 2, 46368),
(32760, 259, 41379, 0, 2, 46368),
(32760, 260, 40024, 0, 2, 46368),
(32760, 261, 40028, 0, 2, 46368),
(32760, 262, 40050, 0, 2, 46368),
(32760, 263, 40009, 0, 2, 46368),
(32760, 264, 40085, 0, 2, 46368),
(32760, 265, 40102, 0, 2, 46368),
(32760, 266, 41398, 0, 2, 46368),
(32760, 267, 41376, 0, 2, 46368),
(32760, 268, 41397, 0, 2, 46368),
(32760, 269, 39996, 0, 2, 46368),
(32760, 270, 40056, 0, 2, 46368),
(32760, 271, 39999, 0, 2, 46368),
(32760, 272, 40014, 0, 2, 46368),
(32760, 273, 40012, 0, 2, 46368),
(32760, 274, 40032, 0, 2, 46368),
(32760, 275, 40101, 0, 2, 46368),
(32760, 276, 39998, 0, 2, 46368),
(32760, 277, 40049, 0, 2, 46368),
(32760, 278, 40025, 0, 2, 46368),
(32760, 279, 40003, 0, 2, 46368),
(32760, 280, 40104, 0, 2, 46368),
(32760, 281, 40045, 0, 2, 46368),
(32760, 282, 40055, 0, 2, 46368),
(32760, 283, 40000, 0, 2, 46368),
(32760, 284, 40090, 0, 2, 46368),
(32760, 285, 40011, 0, 2, 46368),
(32760, 286, 40048, 0, 2, 46368),
(32760, 287, 40054, 0, 2, 46368),
(32760, 288, 40058, 0, 2, 46368),
(32760, 289, 41335, 0, 2, 46368),
(32760, 290, 41378, 0, 2, 46368),
(32760, 291, 38986, 0, 2, 46368),
(32760, 292, 39006, 0, 2, 46368),
(32760, 293, 38997, 0, 2, 46368),
(32760, 294, 39005, 0, 2, 46368),
(32760, 295, 38989, 0, 2, 46368),
(32760, 296, 39003, 0, 2, 46368),
(32760, 297, 38993, 0, 2, 46368),
(32760, 298, 38978, 0, 2, 46368),
(32760, 299, 39004, 0, 2, 46368),
(32760, 300, 38990, 0, 2, 46368),
(32760, 301, 44458, 0, 2, 46368),
(32760, 302, 38979, 0, 2, 46368),
(32760, 303, 38967, 0, 2, 46368),
(32760, 304, 45056, 0, 2, 46368),
(32760, 305, 43987, 0, 2, 46368),
(32760, 306, 38991, 0, 2, 46368),
(32760, 307, 38972, 0, 2, 46368),
(32760, 308, 44467, 0, 2, 46368),
(32760, 309, 38984, 0, 2, 46368),
(32760, 310, 38964, 0, 2, 46368),
(32760, 311, 38995, 0, 2, 46368),
(32760, 312, 38965, 0, 2, 46368),
(32760, 313, 38992, 0, 2, 46368),
(32760, 314, 38976, 0, 2, 46368),
(32760, 315, 38975, 0, 2, 46368),
(32760, 316, 38985, 0, 2, 46368),
(32760, 317, 38988, 0, 2, 46368),
(32760, 318, 38981, 0, 2, 46368),
(32760, 319, 44947, 0, 2, 46368),
(32760, 320, 38987, 0, 2, 46368),
(32760, 321, 38980, 0, 2, 46368),
(32760, 322, 39002, 0, 2, 46368),
(32760, 323, 38959, 0, 2, 46368),
(32760, 324, 38982, 0, 2, 46368),
(32760, 325, 38969, 0, 2, 46368),
(32760, 326, 38950, 0, 2, 46368),
(32760, 327, 38956, 0, 2, 46368),
(32760, 328, 38977, 0, 2, 46368),
(32760, 329, 45060, 0, 0, 46368),
(32760, 330, 46026, 0, 2, 46368),
(32760, 331, 46098, 0, 2, 46368),
(32760, 332, 38963, 0, 2, 46368),
(32760, 333, 44946, 0, 0, 46368),
(32760, 334, 44463, 0, 2, 46368),
(32760, 335, 38955, 0, 2, 46368),
(32760, 336, 44465, 0, 2, 46368),
(32760, 337, 38973, 0, 2, 46368),
(32760, 338, 44493, 0, 2, 46368),
(32760, 339, 44466, 0, 2, 46368),
(32760, 340, 38953, 0, 2, 46368),
(32760, 341, 38966, 0, 2, 46368),
(32760, 342, 38968, 0, 2, 46368),
(32760, 343, 38962, 0, 2, 46368),
(32760, 344, 44457, 0, 2, 46368),
(32760, 345, 44456, 0, 2, 46368),
(32760, 346, 39000, 0, 2, 46368),
(32760, 347, 38960, 0, 0, 46368),
(32760, 348, 44455, 0, 2, 46368),
(32760, 349, 38948, 0, 2, 46368),
(32760, 350, 38925, 0, 2, 46368),
(32760, 351, 38924, 0, 2, 46368),
(32760, 352, 38923, 0, 2, 46368),
(32760, 353, 38910, 0, 2, 46368),
(32760, 354, 38974, 0, 2, 46368),
(32760, 355, 38951, 0, 2, 46368),
(32760, 356, 44497, 0, 2, 46368),
(32760, 357, 38998, 0, 2, 46368),
(32760, 358, 38922, 0, 2, 46368),
(32760, 359, 38944, 0, 2, 46368),
(32760, 360, 38943, 0, 2, 46368),
(32760, 361, 44469, 0, 2, 46368),
(32760, 362, 38903, 0, 2, 46368),
(32760, 363, 38999, 0, 2, 46368),
(32760, 364, 38935, 0, 2, 46368),
(32760, 365, 38932, 0, 2, 46368),
(32760, 366, 38907, 0, 2, 46368),
(32760, 367, 38927, 0, 2, 46368),
(32760, 368, 38926, 0, 2, 46368),
(32760, 369, 44449, 0, 2, 46368),
(32760, 370, 38961, 0, 2, 46368),
(32760, 371, 44470, 0, 2, 46368),
(32760, 372, 44815, 0, 2, 46368),
(32760, 373, 38971, 0, 2, 46368),
(32760, 374, 38912, 0, 2, 46368),
(32760, 375, 39001, 0, 2, 46368),
(32760, 376, 38954, 0, 2, 46368),
(32760, 377, 44453, 0, 2, 46368),
(32760, 378, 40082, 0, 0, 46368),
(32760, 379, 40084, 0, 0, 46368),
(32760, 380, 40404, 0, 0, 46368),
(32760, 381, 33448, 0, 0, 46368),
(32760, 382, 40072, 0, 0, 46368),
(32760, 383, 44939, 0, 0, 46368),
(32760, 384, 40068, 0, 0, 46368),
(32760, 385, 40214, 0, 0, 46368),
(32760, 386, 40215, 0, 0, 46368),
(32760, 387, 40212, 0, 0, 46368),
(32760, 388, 40216, 0, 0, 46368),
(32760, 389, 40076, 0, 0, 46368),
(32760, 390, 40078, 0, 0, 46368),
(32760, 391, 40081, 0, 0, 46368),
(32760, 392, 40213, 0, 0, 46368),
(32760, 393, 40109, 0, 0, 46368),
(32760, 394, 40217, 0, 0, 46368),
(32760, 395, 40079, 0, 0, 46368),
(32760, 396, 40093, 0, 0, 46368),
(32760, 397, 40070, 0, 0, 46368),
(32760, 398, 40073, 0, 0, 46368),
(32760, 399, 40087, 0, 0, 46368),
(32760, 400, 40211, 0, 0, 46368),
(32760, 401, 40097, 0, 0, 46368),
(32760, 402, 40083, 0, 0, 46368),
(32761, 1, 42453, 0, 0, 46368),
(32761, 2, 42454, 0, 0, 46368),
(32761, 3, 42455, 0, 0, 46368),
(32761, 4, 42456, 0, 0, 46368),
(32761, 5, 43392, 0, 0, 46368),
(32761, 6, 42457, 0, 0, 46368),
(32761, 7, 43390, 0, 0, 46368),
(32761, 8, 43393, 0, 0, 46368),
(32761, 9, 42458, 0, 0, 46368),
(32761, 10, 42459, 0, 0, 46368),
(32761, 11, 42460, 0, 0, 46368),
(32761, 12, 42461, 0, 0, 46368),
(32761, 13, 42462, 0, 0, 46368),
(32761, 14, 42463, 0, 0, 46368),
(32761, 15, 42464, 0, 0, 46368),
(32761, 16, 42465, 0, 0, 46368),
(32761, 17, 43391, 0, 0, 46368),
(32761, 18, 42466, 0, 0, 46368),
(32761, 19, 42467, 0, 0, 46368),
(32761, 20, 42468, 0, 0, 46368),
(32761, 21, 42469, 0, 0, 46368),
(32761, 22, 43394, 0, 0, 46368),
(32761, 23, 42470, 0, 0, 46368),
(32761, 24, 42471, 0, 0, 46368),
(32761, 25, 43389, 0, 0, 46368),
(32761, 26, 42472, 0, 0, 46368),
(32761, 27, 42473, 0, 0, 46368),
(32761, 28, 45781, 0, 0, 46368),
(32761, 29, 45782, 0, 0, 46368),
(32761, 30, 45779, 0, 0, 46368),
(32761, 31, 45785, 0, 0, 46368),
(32761, 32, 45780, 0, 0, 46368),
(32761, 33, 45783, 0, 0, 46368),
(32761, 34, 45789, 0, 0, 46368),
(32761, 35, 50077, 0, 0, 46368),
(32761, 38, 44876, 0, 2, 46368),
(32761, 39, 44877, 0, 2, 46368),
(32761, 40, 44075, 0, 2, 46368),
(32761, 41, 44875, 0, 2, 46368),
(32761, 42, 44878, 0, 2, 46368),
(32761, 43, 44879, 0, 2, 46368),
(32761, 44, 44069, 0, 2, 46368),
(32761, 45, 41602, 0, 2, 46368),
(32761, 46, 44963, 0, 2, 46368),
(32761, 47, 38373, 0, 2, 46368),
(32761, 48, 44871, 0, 2, 46368),
(32761, 49, 44872, 0, 2, 46368),
(32761, 50, 44957, 0, 2, 46368),
(32761, 51, 44873, 0, 2, 46368),
(32761, 52, 44874, 0, 2, 46368),
(32761, 53, 38374, 0, 2, 46368),
(32761, 54, 41604, 0, 2, 46368),
(32761, 55, 41976, 0, 2, 46368),
(32761, 58, 6265, 0, 2, 46368),
(32761, 59, 34722, 0, 2, 46368),
(32761, 60, 43236, 0, 0, 46368),
(32761, 61, 38376, 0, 0, 46368),
(32761, 62, 44936, 0, 2, 46368),
(32761, 63, 44448, 0, 0, 46368),
(32761, 64, 40105, 0, 2, 46368),
(32761, 65, 40100, 0, 2, 46368),
(32761, 66, 40015, 0, 2, 46368),
(32761, 67, 41396, 0, 2, 46368),
(32761, 68, 40089, 0, 2, 46368),
(32761, 69, 40046, 0, 2, 46368),
(32761, 70, 40038, 0, 2, 46368),
(32761, 71, 40088, 0, 2, 46368),
(32761, 72, 40053, 0, 2, 46368),
(32761, 73, 40094, 0, 2, 46368),
(32761, 74, 41333, 0, 2, 46368),
(32761, 75, 40037, 0, 2, 46368),
(32761, 76, 40040, 0, 2, 46368),
(32761, 77, 41377, 0, 2, 46368),
(32761, 78, 40106, 0, 2, 46368),
(32761, 79, 40051, 0, 2, 46368),
(32761, 80, 41380, 0, 2, 46368),
(32761, 81, 40096, 0, 2, 46368),
(32761, 82, 40091, 0, 2, 46368),
(32761, 83, 40017, 0, 2, 46368),
(32761, 84, 41389, 0, 2, 46368),
(32761, 85, 40002, 0, 2, 46368),
(32761, 86, 40044, 0, 2, 46368),
(32761, 87, 40034, 0, 2, 46368),
(32761, 88, 40052, 0, 2, 46368),
(32761, 89, 41375, 0, 2, 46368),
(32761, 90, 40047, 0, 2, 46368),
(32761, 91, 40092, 0, 2, 46368),
(32761, 92, 41381, 0, 2, 46368),
(32761, 93, 40098, 0, 0, 46368),
(32761, 94, 40001, 0, 2, 46368),
(32761, 95, 41307, 0, 2, 46368),
(32761, 96, 25896, 0, 0, 46368),
(32761, 97, 41382, 0, 2, 46368),
(32761, 98, 41395, 0, 2, 46368),
(32761, 99, 41400, 0, 2, 46368),
(32761, 100, 40008, 0, 2, 46368),
(32761, 101, 40022, 0, 2, 46368),
(32761, 102, 41285, 0, 2, 46368),
(32761, 103, 40016, 0, 2, 46368),
(32761, 104, 41339, 0, 2, 46368),
(32761, 105, 41401, 0, 2, 46368),
(32761, 106, 40031, 0, 2, 46368),
(32761, 107, 40033, 0, 2, 46368),
(32761, 108, 40030, 0, 2, 46368),
(32761, 109, 40013, 0, 2, 46368),
(32761, 110, 40026, 0, 2, 46368),
(32761, 111, 40043, 0, 2, 46368),
(32761, 112, 40086, 0, 2, 46368),
(32761, 113, 40010, 0, 2, 46368),
(32761, 114, 40099, 0, 2, 46368),
(32761, 115, 40059, 0, 2, 46368),
(32761, 116, 40023, 0, 2, 46368),
(32761, 117, 40057, 0, 2, 46368),
(32761, 118, 40027, 0, 2, 46368),
(32761, 119, 41385, 0, 2, 46368),
(32761, 120, 40103, 0, 2, 46368),
(32761, 121, 40095, 0, 2, 46368),
(32761, 122, 40041, 0, 2, 46368),
(32761, 123, 40029, 0, 2, 46368),
(32761, 124, 40039, 0, 2, 46368),
(32761, 125, 39997, 0, 2, 46368),
(32761, 126, 41379, 0, 2, 46368),
(32761, 127, 40024, 0, 2, 46368),
(32761, 128, 40028, 0, 2, 46368),
(32761, 129, 40050, 0, 2, 46368),
(32761, 130, 40009, 0, 2, 46368),
(32761, 131, 40085, 0, 2, 46368),
(32761, 132, 40102, 0, 2, 46368),
(32761, 133, 41398, 0, 2, 46368),
(32761, 134, 41376, 0, 2, 46368),
(32761, 135, 41397, 0, 2, 46368),
(32761, 136, 39996, 0, 2, 46368),
(32761, 137, 40056, 0, 2, 46368),
(32761, 138, 39999, 0, 2, 46368),
(32761, 139, 40014, 0, 2, 46368),
(32761, 140, 40012, 0, 2, 46368),
(32761, 141, 40032, 0, 2, 46368),
(32761, 142, 40101, 0, 2, 46368),
(32761, 143, 39998, 0, 2, 46368),
(32761, 144, 40049, 0, 2, 46368),
(32761, 145, 40025, 0, 2, 46368),
(32761, 146, 40003, 0, 2, 46368),
(32761, 147, 40104, 0, 2, 46368),
(32761, 148, 40045, 0, 2, 46368),
(32761, 149, 40055, 0, 2, 46368),
(32761, 150, 40000, 0, 2, 46368),
(32761, 151, 40090, 0, 2, 46368),
(32761, 152, 40011, 0, 2, 46368),
(32761, 153, 40048, 0, 2, 46368),
(32761, 154, 40054, 0, 2, 46368),
(32761, 155, 40058, 0, 2, 46368),
(32761, 156, 41335, 0, 2, 46368),
(32761, 157, 41378, 0, 2, 46368),
(32761, 158, 38986, 0, 2, 46368),
(32761, 159, 39006, 0, 2, 46368),
(32761, 160, 38997, 0, 2, 46368),
(32761, 161, 39005, 0, 2, 46368),
(32761, 162, 38989, 0, 2, 46368),
(32761, 163, 39003, 0, 2, 46368),
(32761, 164, 38993, 0, 2, 46368),
(32761, 165, 38978, 0, 2, 46368),
(32761, 166, 39004, 0, 2, 46368),
(32761, 167, 38990, 0, 2, 46368),
(32761, 168, 44458, 0, 2, 46368),
(32761, 169, 38979, 0, 2, 46368),
(32761, 170, 38967, 0, 2, 46368),
(32761, 171, 45056, 0, 2, 46368),
(32761, 172, 43987, 0, 2, 46368),
(32761, 173, 38991, 0, 2, 46368),
(32761, 174, 38972, 0, 2, 46368),
(32761, 175, 44467, 0, 2, 46368),
(32761, 176, 38984, 0, 2, 46368),
(32761, 177, 38964, 0, 2, 46368),
(32761, 178, 38995, 0, 2, 46368),
(32761, 179, 38965, 0, 2, 46368),
(32761, 180, 38992, 0, 2, 46368),
(32761, 181, 38976, 0, 2, 46368),
(32761, 182, 38975, 0, 2, 46368),
(32761, 183, 38985, 0, 2, 46368),
(32761, 184, 38988, 0, 2, 46368),
(32761, 185, 38981, 0, 2, 46368),
(32761, 186, 44947, 0, 2, 46368),
(32761, 187, 38987, 0, 2, 46368),
(32761, 188, 38980, 0, 2, 46368),
(32761, 189, 39002, 0, 2, 46368),
(32761, 190, 38959, 0, 2, 46368),
(32761, 191, 38982, 0, 2, 46368),
(32761, 192, 38969, 0, 2, 46368),
(32761, 193, 38950, 0, 2, 46368),
(32761, 194, 38956, 0, 2, 46368),
(32761, 195, 38977, 0, 2, 46368),
(32761, 196, 45060, 0, 0, 46368),
(32761, 197, 46026, 0, 2, 46368),
(32761, 198, 46098, 0, 2, 46368),
(32761, 199, 38963, 0, 2, 46368),
(32761, 200, 44946, 0, 0, 46368),
(32761, 201, 44463, 0, 2, 46368),
(32761, 202, 38955, 0, 2, 46368),
(32761, 203, 44465, 0, 2, 46368),
(32761, 204, 38973, 0, 2, 46368),
(32761, 205, 44493, 0, 2, 46368),
(32761, 206, 44466, 0, 2, 46368),
(32761, 207, 38953, 0, 2, 46368),
(32761, 208, 38966, 0, 2, 46368),
(32761, 209, 38968, 0, 2, 46368),
(32761, 210, 38962, 0, 2, 46368),
(32761, 211, 44457, 0, 2, 46368),
(32761, 212, 44456, 0, 2, 46368),
(32761, 213, 39000, 0, 2, 46368),
(32761, 214, 38960, 0, 0, 46368),
(32761, 215, 44455, 0, 2, 46368),
(32761, 216, 38948, 0, 2, 46368),
(32761, 217, 38925, 0, 2, 46368),
(32761, 218, 38924, 0, 2, 46368),
(32761, 219, 38923, 0, 2, 46368),
(32761, 220, 38910, 0, 2, 46368),
(32761, 221, 38974, 0, 2, 46368),
(32761, 222, 38951, 0, 2, 46368),
(32761, 223, 44497, 0, 2, 46368),
(32761, 224, 38998, 0, 2, 46368),
(32761, 225, 38922, 0, 2, 46368),
(32761, 226, 38944, 0, 2, 46368),
(32761, 227, 38943, 0, 2, 46368),
(32761, 228, 44469, 0, 2, 46368),
(32761, 229, 38903, 0, 2, 46368),
(32761, 230, 38999, 0, 2, 46368),
(32761, 231, 38935, 0, 2, 46368),
(32761, 232, 38932, 0, 2, 46368),
(32761, 233, 38907, 0, 2, 46368),
(32761, 234, 38927, 0, 2, 46368),
(32761, 235, 38926, 0, 2, 46368),
(32761, 236, 44449, 0, 2, 46368),
(32761, 237, 38961, 0, 2, 46368),
(32761, 238, 44470, 0, 2, 46368),
(32761, 239, 44815, 0, 2, 46368),
(32761, 240, 38971, 0, 2, 46368),
(32761, 241, 38912, 0, 2, 46368),
(32761, 242, 39001, 0, 2, 46368),
(32761, 243, 38954, 0, 2, 46368),
(32761, 244, 44453, 0, 2, 46368),
(32761, 245, 40082, 0, 0, 46368),
(32761, 246, 40084, 0, 0, 46368),
(32761, 247, 40404, 0, 0, 46368),
(32761, 248, 33448, 0, 0, 46368),
(32761, 249, 40072, 0, 0, 46368),
(32761, 250, 44939, 0, 0, 46368),
(32761, 251, 40068, 0, 0, 46368),
(32761, 252, 40214, 0, 0, 46368),
(32761, 253, 40215, 0, 0, 46368),
(32761, 254, 40212, 0, 0, 46368),
(32761, 255, 40216, 0, 0, 46368),
(32761, 256, 40076, 0, 0, 46368),
(32761, 257, 40078, 0, 0, 46368),
(32761, 258, 40081, 0, 0, 46368),
(32761, 259, 40213, 0, 0, 46368),
(32761, 260, 40109, 0, 0, 46368),
(32761, 261, 40217, 0, 0, 46368),
(32761, 262, 40079, 0, 0, 46368),
(32761, 263, 40093, 0, 0, 46368),
(32761, 264, 40070, 0, 0, 46368),
(32761, 265, 40073, 0, 0, 46368),
(32761, 266, 40087, 0, 0, 46368),
(32761, 267, 40211, 0, 0, 46368),
(32761, 268, 40097, 0, 0, 46368),
(32761, 269, 40083, 0, 0, 46368),
(32762, 1, 43420, 0, 0, 46368),
(32762, 2, 43395, 0, 0, 46368),
(32762, 3, 43425, 0, 0, 46368),
(32762, 4, 43396, 0, 0, 46368),
(32762, 5, 43412, 0, 0, 46368),
(32762, 6, 43397, 0, 0, 46368),
(32762, 7, 43414, 0, 0, 46368),
(32762, 8, 43415, 0, 0, 46368),
(32762, 9, 43400, 0, 0, 46368),
(32762, 10, 43416, 0, 0, 46368),
(32762, 11, 43417, 0, 0, 46368),
(32762, 12, 43418, 0, 0, 46368),
(32762, 13, 43419, 0, 0, 46368),
(32762, 14, 43426, 0, 0, 46368),
(32762, 15, 43398, 0, 0, 46368),
(32762, 16, 43421, 0, 0, 46368),
(32762, 17, 43422, 0, 0, 46368),
(32762, 18, 43413, 0, 0, 46368),
(32762, 19, 43423, 0, 0, 46368),
(32762, 20, 43430, 0, 0, 46368),
(32762, 21, 43424, 0, 0, 46368),
(32762, 22, 43427, 0, 0, 46368),
(32762, 23, 43428, 0, 0, 46368),
(32762, 24, 43429, 0, 0, 46368),
(32762, 25, 43399, 0, 0, 46368),
(32762, 26, 43431, 0, 0, 46368),
(32762, 27, 43432, 0, 0, 46368),
(32762, 28, 45790, 0, 0, 46368),
(32762, 29, 45794, 0, 0, 46368),
(32762, 30, 45797, 0, 0, 46368),
(32762, 31, 45792, 0, 0, 46368),
(32762, 32, 45795, 0, 0, 46368),
(32762, 33, 45793, 0, 0, 46368),
(32762, 34, 49084, 0, 0, 46368),
(32762, 37, 44876, 0, 2, 46368),
(32762, 38, 44877, 0, 2, 46368),
(32762, 39, 44075, 0, 2, 46368),
(32762, 40, 44875, 0, 2, 46368),
(32762, 41, 44878, 0, 2, 46368),
(32762, 42, 44879, 0, 2, 46368),
(32762, 43, 44069, 0, 2, 46368),
(32762, 44, 41602, 0, 2, 46368),
(32762, 45, 44963, 0, 2, 46368),
(32762, 46, 38373, 0, 2, 46368),
(32762, 47, 44871, 0, 2, 46368),
(32762, 48, 44872, 0, 2, 46368),
(32762, 49, 44957, 0, 2, 46368),
(32762, 50, 44873, 0, 2, 46368),
(32762, 51, 44874, 0, 2, 46368),
(32762, 52, 38374, 0, 2, 46368),
(32762, 53, 41604, 0, 2, 46368),
(32762, 54, 41976, 0, 2, 46368),
(32762, 57, 6265, 0, 2, 46368),
(32762, 58, 34722, 0, 2, 46368),
(32762, 59, 43236, 0, 0, 46368),
(32762, 60, 38376, 0, 0, 46368),
(32762, 61, 44936, 0, 2, 46368),
(32762, 62, 44448, 0, 0, 46368),
(32762, 63, 40105, 0, 2, 46368),
(32762, 64, 40100, 0, 2, 46368),
(32762, 65, 40015, 0, 2, 46368),
(32762, 66, 41396, 0, 2, 46368),
(32762, 67, 40089, 0, 2, 46368),
(32762, 68, 40046, 0, 2, 46368),
(32762, 69, 40038, 0, 2, 46368),
(32762, 70, 40088, 0, 2, 46368),
(32762, 71, 40053, 0, 2, 46368),
(32762, 72, 40094, 0, 2, 46368),
(32762, 73, 41333, 0, 2, 46368),
(32762, 74, 40037, 0, 2, 46368),
(32762, 75, 40040, 0, 2, 46368),
(32762, 76, 41377, 0, 2, 46368),
(32762, 77, 40106, 0, 2, 46368),
(32762, 78, 40051, 0, 2, 46368),
(32762, 79, 41380, 0, 2, 46368),
(32762, 80, 40096, 0, 2, 46368),
(32762, 81, 40091, 0, 2, 46368),
(32762, 82, 40017, 0, 2, 46368),
(32762, 83, 41389, 0, 2, 46368),
(32762, 84, 40002, 0, 2, 46368),
(32762, 85, 40044, 0, 2, 46368),
(32762, 86, 40034, 0, 2, 46368),
(32762, 87, 40052, 0, 2, 46368),
(32762, 88, 41375, 0, 2, 46368),
(32762, 89, 40047, 0, 2, 46368),
(32762, 90, 40092, 0, 2, 46368),
(32762, 91, 41381, 0, 2, 46368),
(32762, 92, 40098, 0, 0, 46368),
(32762, 93, 40001, 0, 2, 46368),
(32762, 94, 41307, 0, 2, 46368),
(32762, 95, 25896, 0, 0, 46368),
(32762, 96, 41382, 0, 2, 46368),
(32762, 97, 41395, 0, 2, 46368),
(32762, 98, 41400, 0, 2, 46368),
(32762, 99, 40008, 0, 2, 46368),
(32762, 100, 40022, 0, 2, 46368),
(32762, 101, 41285, 0, 2, 46368),
(32762, 102, 40016, 0, 2, 46368),
(32762, 103, 41339, 0, 2, 46368),
(32762, 104, 41401, 0, 2, 46368),
(32762, 105, 40031, 0, 2, 46368),
(32762, 106, 40033, 0, 2, 46368),
(32762, 107, 40030, 0, 2, 46368),
(32762, 108, 40013, 0, 2, 46368),
(32762, 109, 40026, 0, 2, 46368),
(32762, 110, 40043, 0, 2, 46368),
(32762, 111, 40086, 0, 2, 46368),
(32762, 112, 40010, 0, 2, 46368),
(32762, 113, 40099, 0, 2, 46368),
(32762, 114, 40059, 0, 2, 46368),
(32762, 115, 40023, 0, 2, 46368),
(32762, 116, 40057, 0, 2, 46368),
(32762, 117, 40027, 0, 2, 46368),
(32762, 118, 41385, 0, 2, 46368),
(32762, 119, 40103, 0, 2, 46368),
(32762, 120, 40095, 0, 2, 46368),
(32762, 121, 40041, 0, 2, 46368),
(32762, 122, 40029, 0, 2, 46368),
(32762, 123, 40039, 0, 2, 46368),
(32762, 124, 39997, 0, 2, 46368),
(32762, 125, 41379, 0, 2, 46368),
(32762, 126, 40024, 0, 2, 46368),
(32762, 127, 40028, 0, 2, 46368),
(32762, 128, 40050, 0, 2, 46368),
(32762, 129, 40009, 0, 2, 46368),
(32762, 130, 40085, 0, 2, 46368),
(32762, 131, 40102, 0, 2, 46368),
(32762, 132, 41398, 0, 2, 46368),
(32762, 133, 41376, 0, 2, 46368),
(32762, 134, 41397, 0, 2, 46368),
(32762, 135, 39996, 0, 2, 46368),
(32762, 136, 40056, 0, 2, 46368),
(32762, 137, 39999, 0, 2, 46368),
(32762, 138, 40014, 0, 2, 46368),
(32762, 139, 40012, 0, 2, 46368),
(32762, 140, 40032, 0, 2, 46368),
(32762, 141, 40101, 0, 2, 46368),
(32762, 142, 39998, 0, 2, 46368),
(32762, 143, 40049, 0, 2, 46368),
(32762, 144, 40025, 0, 2, 46368),
(32762, 145, 40003, 0, 2, 46368),
(32762, 146, 40104, 0, 2, 46368),
(32762, 147, 40045, 0, 2, 46368),
(32762, 148, 40055, 0, 2, 46368),
(32762, 149, 40000, 0, 2, 46368),
(32762, 150, 40090, 0, 2, 46368),
(32762, 151, 40011, 0, 2, 46368),
(32762, 152, 40048, 0, 2, 46368),
(32762, 153, 40054, 0, 2, 46368),
(32762, 154, 40058, 0, 2, 46368),
(32762, 155, 41335, 0, 2, 46368),
(32762, 156, 41378, 0, 2, 46368),
(32762, 157, 38986, 0, 2, 46368),
(32762, 158, 39006, 0, 2, 46368),
(32762, 159, 38997, 0, 2, 46368),
(32762, 160, 39005, 0, 2, 46368),
(32762, 161, 38989, 0, 2, 46368),
(32762, 162, 39003, 0, 2, 46368),
(32762, 163, 38993, 0, 2, 46368),
(32762, 164, 38978, 0, 2, 46368),
(32762, 165, 39004, 0, 2, 46368),
(32762, 166, 38990, 0, 2, 46368),
(32762, 167, 44458, 0, 2, 46368),
(32762, 168, 38979, 0, 2, 46368),
(32762, 169, 38967, 0, 2, 46368),
(32762, 170, 45056, 0, 2, 46368),
(32762, 171, 43987, 0, 2, 46368),
(32762, 172, 38991, 0, 2, 46368),
(32762, 173, 38972, 0, 2, 46368),
(32762, 174, 44467, 0, 2, 46368),
(32762, 175, 38984, 0, 2, 46368),
(32762, 176, 38964, 0, 2, 46368),
(32762, 177, 38995, 0, 2, 46368),
(32762, 178, 38965, 0, 2, 46368),
(32762, 179, 38992, 0, 2, 46368),
(32762, 180, 38976, 0, 2, 46368),
(32762, 181, 38975, 0, 2, 46368),
(32762, 182, 38985, 0, 2, 46368),
(32762, 183, 38988, 0, 2, 46368),
(32762, 184, 38981, 0, 2, 46368),
(32762, 185, 44947, 0, 2, 46368),
(32762, 186, 38987, 0, 2, 46368),
(32762, 187, 38980, 0, 2, 46368),
(32762, 188, 39002, 0, 2, 46368),
(32762, 189, 38959, 0, 2, 46368),
(32762, 190, 38982, 0, 2, 46368),
(32762, 191, 38969, 0, 2, 46368),
(32762, 192, 38950, 0, 2, 46368),
(32762, 193, 38956, 0, 2, 46368),
(32762, 194, 38977, 0, 2, 46368),
(32762, 195, 45060, 0, 0, 46368),
(32762, 196, 46026, 0, 2, 46368),
(32762, 197, 46098, 0, 2, 46368),
(32762, 198, 38963, 0, 2, 46368),
(32762, 199, 44946, 0, 0, 46368),
(32762, 200, 44463, 0, 2, 46368),
(32762, 201, 38955, 0, 2, 46368),
(32762, 202, 44465, 0, 2, 46368),
(32762, 203, 38973, 0, 2, 46368),
(32762, 204, 44493, 0, 2, 46368),
(32762, 205, 44466, 0, 2, 46368),
(32762, 206, 38953, 0, 2, 46368),
(32762, 207, 38966, 0, 2, 46368),
(32762, 208, 38968, 0, 2, 46368),
(32762, 209, 38962, 0, 2, 46368),
(32762, 210, 44457, 0, 2, 46368),
(32762, 211, 44456, 0, 2, 46368),
(32762, 212, 39000, 0, 2, 46368),
(32762, 213, 38960, 0, 0, 46368),
(32762, 214, 44455, 0, 2, 46368),
(32762, 215, 38948, 0, 2, 46368),
(32762, 216, 38925, 0, 2, 46368),
(32762, 217, 38924, 0, 2, 46368),
(32762, 218, 38923, 0, 2, 46368),
(32762, 219, 38910, 0, 2, 46368),
(32762, 220, 38974, 0, 2, 46368),
(32762, 221, 38951, 0, 2, 46368),
(32762, 222, 44497, 0, 2, 46368),
(32762, 223, 38998, 0, 2, 46368),
(32762, 224, 38922, 0, 2, 46368),
(32762, 225, 38944, 0, 2, 46368),
(32762, 226, 38943, 0, 2, 46368),
(32762, 227, 44469, 0, 2, 46368),
(32762, 228, 38903, 0, 2, 46368),
(32762, 229, 38999, 0, 2, 46368),
(32762, 230, 38935, 0, 2, 46368),
(32762, 231, 38932, 0, 2, 46368),
(32762, 232, 38907, 0, 2, 46368),
(32762, 233, 38927, 0, 2, 46368),
(32762, 234, 38926, 0, 2, 46368),
(32762, 235, 44449, 0, 2, 46368),
(32762, 236, 38961, 0, 2, 46368),
(32762, 237, 44470, 0, 2, 46368),
(32762, 238, 44815, 0, 2, 46368),
(32762, 239, 38971, 0, 2, 46368),
(32762, 240, 38912, 0, 2, 46368),
(32762, 241, 39001, 0, 2, 46368),
(32762, 242, 38954, 0, 2, 46368),
(32762, 243, 44453, 0, 2, 46368),
(32762, 244, 40082, 0, 0, 46368),
(32762, 245, 40084, 0, 0, 46368),
(32762, 246, 40404, 0, 0, 46368),
(32762, 247, 33448, 0, 0, 46368),
(32762, 248, 40072, 0, 0, 46368),
(32762, 249, 44939, 0, 0, 46368),
(32762, 250, 40068, 0, 0, 46368),
(32762, 251, 40214, 0, 0, 46368),
(32762, 252, 40215, 0, 0, 46368),
(32762, 253, 40212, 0, 0, 46368),
(32762, 254, 40216, 0, 0, 46368),
(32762, 255, 40076, 0, 0, 46368),
(32762, 256, 40078, 0, 0, 46368),
(32762, 257, 40081, 0, 0, 46368),
(32762, 258, 40213, 0, 0, 46368),
(32762, 259, 40109, 0, 0, 46368),
(32762, 260, 40217, 0, 0, 46368),
(32762, 261, 40079, 0, 0, 46368),
(32762, 262, 40093, 0, 0, 46368),
(32762, 263, 40070, 0, 0, 46368),
(32762, 264, 40073, 0, 0, 46368),
(32762, 265, 40087, 0, 0, 46368),
(32762, 266, 40211, 0, 0, 46368),
(32762, 267, 40097, 0, 0, 46368),
(32762, 268, 40083, 0, 0, 46368);

SET
@entry = 184320, -- Blizzlike
@guid = 4000000, -- \_()_/
@text = 64000, -- \_()_/
@menu = 27525; -- Blizzlike (I think)

DELETE FROM `creature_template` WHERE `entry` = @entry; 
INSERT INTO `creature_template` (`entry`, `difficulty_entry_1`, `difficulty_entry_2`, `difficulty_entry_3`, `KillCredit1`, `KillCredit2`, `modelid1`, `modelid2`, `modelid3`, `modelid4`, `name`, `subname`, `IconName`, `gossip_menu_id`, `minlevel`, `maxlevel`, `exp`, `faction`, `npcflag`, `speed_walk`, `speed_run`, `speed_swim`, `speed_flight`, `detection_range`, `scale`, `rank`, `dmgschool`, `DamageModifier`, `BaseAttackTime`, `RangeAttackTime`, `BaseVariance`, `RangeVariance`, `unit_class`, `unit_flags`, `unit_flags2`, `dynamicflags`, `family`, `trainer_type`, `trainer_spell`, `trainer_class`, `trainer_race`, `type`, `type_flags`, `lootid`, `pickpocketloot`, `skinloot`, `PetSpellDataId`, `VehicleId`, `mingold`, `maxgold`, `AIName`, `MovementType`, `HoverHeight`, `HealthModifier`, `ManaModifier`, `ArmorModifier`, `ExperienceModifier`, `RacialLeader`, `movementId`, `RegenHealth`, `mechanic_immune_mask`, `spell_school_immune_mask`, `flags_extra`, `ScriptName`, `VerifiedBuild`) VALUES
(@entry, 0, 0, 0, 0, 0, 127, 0, 0, 0, 'Cap''n Placeholder', 'Beta Vendorrr and Teleporterrr', 'Speak', 27525, 60, 60, 0, 35, 4225, 2.5, 8, 4.72221994400024414, 7, 20, 2, 0, 0, 1, 2000, 2000, 1, 1, 1, 768, 2048, 0, 0, 0, 0, 0, 0, 7, 134217728, 0, 0, 0, 0, 0, 0, 0, '', 0, 1, 1, 1, 1, 1, 0, 0, 1, 0, 0, 0, '', 45437); -- Somewhat blizzlike

DELETE FROM `creature` WHERE `id1` = @entry;
INSERT INTO `creature` (`guid`, `id1`, `id2`, `id3`, `map`, `zoneId`, `areaId`, `spawnMask`, `phaseMask`, `equipment_id`, `position_x`, `position_y`, `position_z`, `orientation`, `spawntimesecs`, `wander_distance`, `currentwaypoint`, `curhealth`, `curmana`, `MovementType`, `npcflag`, `unit_flags`, `dynamicflags`, `ScriptName`, `VerifiedBuild`) VALUES
(@guid, @entry, 0, 0, 0, 0, 0, 1, 1, 0, -8826.973, 633.6285, 94.33641, 3.773838758468627929, 300, 0, 0, 3052, 0, 0, 0, 0, 0, '', 45437), -- Mostly blizzlike hopefully
(@guid+1, @entry, 0, 0, 1, 0, 0, 1, 1, 0, 1563.5122, -4403.127, 6.785325, 3.387704849243164062, 300, 0, 0, 3052, 0, 0, 0, 0, 0, '', 45437);

DELETE FROM `npc_text` WHERE `ID` = @text;
INSERT INTO `npc_text` (`ID`, `BroadcastTextID0`, `BroadcastTextID1`, `VerifiedBuild`) VALUES
(@text, 10117, 10117, 45437);

DELETE FROM `gossip_menu` WHERE `MenuID` = @menu;
INSERT INTO `gossip_menu` (`MenuID`, `TextID`) VALUES
(@menu, @text);

